Month,Component,Brand,Qty,Gross Sales,Discount,Net Sales With Tax,Tax Amount,Net Sales Without Tax,Target Sales Amount
January,CPU,Intel,55,1521520.037,99552.11787,1421967.919,255954.2255,1166013.694,1440302.245
January,CPU,AMD,30,1229374.434,81570.55839,1147803.876,206604.6977,941199.1783,1072345.376
January,GPU,NVIDIA,41,2026908.927,154066.2506,1872842.676,337111.6817,1535730.994,1954029.045
January,GPU,AMD,36,1804556.334,128233.5071,1676322.827,301738.1088,1374584.718,1715269.145
January,RAM,Corsair,103,507419.4931,28686.25148,478733.2417,86171.9835,392561.2582,487791.3048
January,RAM,G.Skill,95,433942.4798,26094.9558,407847.524,73412.55431,334434.9697,433740.4502
January,RAM,Kingston,82,378912.3456,22734.74076,356177.5948,64111.90896,292065.6858,378912.3456
January,RAM,Crucial,75,323987.2109,19439.23265,304547.9783,54820.45609,249727.5222,323987.2109
January,RAM,XPG,68,289062.0761,17343.72456,271718.3515,48911.06327,222807.2882,289062.0761
January,RAM,Patriot,51,234136.9413,14048.21648,219088.7248,39435.9304,179652.7944,234136.9413
January,RAM,TeamGroup,45,199211.8065,11952.70839,187259.0981,33506.63765,153752.4605,199211.8065
January,RAM,Adata,39,164286.6717,9857.200302,154429.4714,27801.28486,126628.1866,164286.6717
January,RAM,Silicon Power,33,129361.5369,7771.891214,121589.6457,21886.13203,100703.5137,129361.5369
January,RAM,PNY,27,94436.4021,5683.174126,88753.22797,15975.59107,72777.6369,94436.4021
January,RAM,Toshiba,21,59511.2673,3588.676038,55922.5913,10066.06237,45856.529,59511.2673
January,RAM,Samsung,15,24586.1325,1487.16795,23098.96455,4157.81365,18941.1509,24586.1325
January,Motherboard,ASUS,38,1673666.65,125723.1988,1547943.451,278629.8213,1269313.63,1543413.921
January,Motherboard,MSI,33,1379125.142,99031.51637,1280093.626,230416.8526,1049676.773,1312271.748
January,Motherboard,GIGABYTE,28,1129984.174,75633.04752,1054351.127,189783.2028,864567.9242,1114981.223
January,Motherboard,ASRock,23,880843.206,57174.46227,823668.7438,148260.3718,675408.372,872281.718
January,Motherboard,EVGA,18,631702.238,38702.13428,592999.9037,106759.9827,486240.021,626214.263
January,Motherboard,Biostar,13,382561.27,23253.6762,359307.5938,64677.36676,294629.2271,378912.3456
January,Motherboard,Colorful,9,133410.302,8004.61812,125405.6839,22573.02391,102832.66,1312271.748
January,Motherboard,Other,5,98765.4321,5925.9321,92840.4999,16650.7999,76189.7,100000
January,Storage,Samsung,55,892741.2049,50479.6977,842261.5072,151607.0713,690654.4359,841677.0808
January,Storage,Western Digital,54,811140.5563,41984.84572,769155.7106,138448.0279,630707.6827,821853.8407
January,Storage,Seagate,49,736210.9087,35211.5432,701000.3655,126180.0659,574819.3,741937.405
January,Storage,Toshiba,44,661281.2611,28447.1613,632834.0998,113909.9379,518924.1619,667707.9817
January,Storage,Crucial,39,586351.6135,21682.7857,564668.8278,101240.197,463428.6308,593478.5453
January,Storage,Kingston,34,511421.9659,14918.3091,496503.6568,89370.6742,407132.9826,519239.1015
January,Storage,SanDisk,29,436492.3183,8153.8325,428338.4858,77099.9075,351238.5783,444999.6691
January,Storage,ADATA,24,361562.6707,1298.3559,359264.3148,64667.7827,294596.5321,370759.2187
January,Storage,PNY,19,286633.0231,582.8794,285050.1437,51309.026,233741.1177,296518.7733
January,Storage,Transcend,14,211703.3755,136.3997,211567.9758,38082.2355,173485.7403,222278.3319
January,Storage,Lexar,9,136773.7279,45.5281,136728.2,24611.076,112117.124,147837.8943
January,Storage,Other,5,98765.4321,5925.9321,92840.4999,16650.7999,76189.7,100000
January,PSU,EVGA,32,586370.3317,39613.19148,546757.1402,98416.28523,448340.8549,544527.7619
January,PSU,Cooler Master,20,566919.5457,36277.67518,530641.8705,95515.53669,435126.3338,527210.8109
January,PSU,Corsair,18,547468.76,32948.12548,514520.6345,92613.71411,421906.9204,519893.8613
January,PSU,Seasonic,16,527017.9743,29618.57578,497399.3985,89531.89573,407867.5028,512576.9125
January,PSU,Thermaltake,14,486567.1876,23298.43128,463268.7563,83386.33613,379882.4202,485260.034
January,PSU,Antec,12,446116.4009,17978.28688,428138.114,77064.86056,351073.2534,457943.1551
January,PSU,Phanteks,10,405665.6142,12658.14258,393007.4716,70741.34094,322266.1307,430626.2753
January,PSU,be quiet!,8,365214.8275,7337.99838,357876.8291,64417.83321,293459.9959,393309.4015
January,PSU,Super Flower,6,283764.0408,1833.7451,281930.2957,50747.45321,231182.8425,296518.7733
January,PSU,Enermax,4,182313.2541,458.2863,181855.9678,32734.07417,149121.8936,199211.8065
January,PSU,Silverstone,2,90956.577,22.9394,90933.6376,16368.03434,74565.6033,94436.4021
January,PSU,Other,1,45478.2885,1.14695,45477.1416,8185.87153,37291.2701,59511.2673
January,Cooling,Noctua,16,405742.2099,24157.07092,381585.139,68685.32502,312899.814,374485.4476
January,Cooling,NZXT,22,355045.1972,19039.55963,336005.6376,60481.01477,275524.6228,339769.1866
January,Cooling,Corsair,19,304348.1845,13921.94352,290426.241,52276.76378,238149.4772,295052.9256
January,Cooling,Cooler Master,16,253651.1718,8804.32741,244846.8444,44072.552,200774.2924,250336.6646
January,Cooling,Thermaltake,13,202954.1591,3686.7113,199267.4478,35850.1206,163417.3272,205620.4036
January,Cooling,Deepcool,10,152257.1464,850.0952,151407.0512,27253.2702,124153.781,160904.1426
January,Cooling,ARCTIC,7,101560.1337,170.4791,101389.6546,18264.1378,83125.5168,116187.8816
January,Cooling,be quiet!,4,50780.06685,8.52355,50771.5433,9138.8778,41632.6655,71471.6206
January,Cooling,Scythe,2,25390.03343,0.426175,25389.60726,4570.32931,20819.27795,35735.8103
January,Cooling,Other,1,12695.01671,0.2130875,12694.80363,2285.04465,10410.759,17867.90515
January,Case,Lian Li,29,774964.8159,50059.53391,724905.282,130482.9508,594422.3312,759711.5152
January,Case,Fractal Design,19,703681.6005,47045.75161,656635.8489,118194.4528,538441.3961,709035.2482
January,Case,Corsair,19,609396.9019,37777.80931,571619.0926,102891.4367,468727.6559,647576.3736
January,Case,Phanteks,16,509376.4706,32722.21688,476654.2537,85797.76566,390856.488,595652.4283
January,Case,NZXT,13,409355.0393,27666.62445,381688.4149,68702.07482,312986.3401,543728.483
January,Case,Thermaltake,10,309334.608,22611.03202,286723.576,51609.4216,235114.1544,491804.5377
January,Case,Cooler Master,7,209314.1767,17555.43959,191758.7371,34476.5748,157282.1623,439880.6024
January,Case,InWin,4,89393.6444,7423.0582,82970.5862,14974.70552,67995.8807,387956.667
January,Case,BitFenix,2,49373.1121,3711.5291,45661.583,8219.08494,37442.4981,335032.7316
January,Case,Aerocool,1,9874.6242,469.38774,9405.23646,1693.94278,7711.29368,282108.8012
January,Case,Other,1,9874.6242,469.38774,9405.23646,1693.94278,7711.29368,282108.8012
February,CPU,Intel,53,1461279.875,99668.43632,1361611.439,245090.059,1116521.38,1438666.876
February,CPU,AMD,33,1159327.634,76198.69352,1083128.94,194963.2092,888165.7309,1085234.041
February,GPU,NVIDIA,43,1930014.693,154872.9232,1775141.769,319525.5185,1455616.251,1933862.219
February,GPU,AMD,34,1835546.838,126934.6385,1708612.199,307550.1959,1401062.003,1673804.02
February,RAM,Corsair,97,523109.563,30172.52929,492937.0337,88728.66607,404208.3676,489095.5547
February,RAM,G.Skill,92,448566.6902,25088.57402,423478.1162,76226.06091,347252.0553,423541.2049
February,RAM,Kingston,88,400123.4567,22406.98765,377716.469,68185.48321,309531.9858,376452.3456
February,RAM,Crucial,95,456789.0123,25674.89012,431114.1222,77599.94003,353514.1822,428765.4321
February,RAM,XPG,90,423456.789,23802.10987,399654.6791,71937.84433,327716.8348,395678.9012
February,RAM,Patriot,85,389012.3456,21890.65432,367121.6913,66065.48819,301056.2031,364567.8901
February,RAM,TeamGroup,93,441234.5678,24768.23456,416466.3332,74963.95998,341502.3732,413456.789
February,RAM,Adata,87,398765.4321,22378.90123,376386.5309,67741.39564,308645.1353,372345.6789
February,RAM,Silicon Power,91,432109.8765,24265.43211,407844.4444,73417.99998,334426.4444,404123.4567
February,RAM,PNY,89,415432.1098,23321.09876,392111.011,70579.98198,321531.029,389012.3456
February,RAM,Toshiba,94,449876.5432,25241.17645,424635.3668,76438.42004,348196.9468,426789.0123
February,RAM,Samsung,96,459712.3456,25823.52941,433888.8162,78099.98292,355788.8333,431234.5678
February,Motherboard,ASUS,41,"1,655,578.85","119,924.90","1,535,653.95","260,217.71","1,275,436.24","1,530,028.03"
February,Motherboard,MSI,39,"1,367,467.77","95,963.81","1,271,503.97","228,870.71","1,042,633.25","1,328,374.32"
February,Motherboard,GIGABYTE,33,"1,118,659.50","78,306.17","1,040,353.33","187,263.60","853,089.73","1,200,000.00"
February,Motherboard,ASRock,28,"1,054,324.67","72,545.73","981,778.94","176,720.21","805,058.73","1,150,000.00"
February,Motherboard,EVGA,26,"1,019,587.23","70,205.10","949,382.13","170,888.79","778,493.33","1,100,000.00"
February,Motherboard,Biostar,24,"934,567.80","64,719.74","869,848.06","156,572.65","713,275.41","980,000.00"
February,Motherboard,Colorful,21,"857,234.56","59,738.42","797,496.15","143,549.31","653,946.84","900,000.00"
February,Motherboard,Other,19,"789,345.67","54,424.20","734,921.47","132,285.86","602,635.61","850,000.00"
February,Storage,Samsung,58,"914,390.69","49,636.54","864,754.15","155,655.75","709,098.40","829,752.24"
February,Storage,Western Digital,59,"861,712.91","40,923.44","820,789.47","147,742.10","673,047.36","826,711.91"
February,Storage,Seagate,56,"819,234.56","38,964.20","780,270.36","140,448.67","639,821.69","805,000.00"
February,Storage,Toshiba,52,"759,876.54","36,293.85","723,582.69","130,245.61","593,337.08","770,000.00"
February,Storage,Crucial,55,"804,345.67","38,210.45","766,135.22","137,903.51","628,231.71","790,123.45"
February,Storage,Kingston,60,"846,789.01","40,234.56","806,554.45","145,179.80","661,374.65","835,678.90"
February,Storage,SanDisk,58,"822,123.45","38,921.78","783,201.67","140,976.30","642,225.37","815,000.00"
February,Storage,ADATA,54,"767,678.90","36,942.85","730,736.05","131,532.49","599,203.56","760,987.65"
February,Storage,PNY,51,"732,345.67","35,234.56","697,111.11","125,479.99","571,631.12","740,123.45"
February,Storage,Transcend,50,"715,678.90","34,678.90","681,000.00","122,580.00","558,420.00","720,000.00"
February,Storage,Lexar,48,"689,123.45","33,245.67","655,877.78","118,057.80","537,819.98","705,123.45"
February,Storage,Other,45,"640,987.65","30,567.89","610,419.76","109,875.56","500,544.20","660,000.00"
February,PSU,EVGA,34,"608,043.68","40,960.98","567,442.70","102,139.69","465,303.01","544,572.39"
February,PSU,Cooler Master,29,"550,047.83","33,835.07","516,212.76","92,918.30","423,294.46","530,322.38"
February,PSU,Corsair,32,"606,789.12","40,123.45","566,665.67","101,999.82","464,665.85","590,000.00"
February,PSU,Seasonic,27,"518,234.56","34,182.72","484,051.84","87,129.33","396,922.51","510,000.00"
February,PSU,Thermaltake,30,"576,345.67","38,456.78","537,888.89","96,820.00","441,068.89","570,000.00"
February,PSU,Antec,26,"499,987.65","33,999.18","465,988.47","83,877.92","382,110.55","520,000.00"
February,PSU,Phanteks,24,"460,123.45","31,128.23","428,995.22","77,219.14","351,776.08","485,678.90"
February,PSU,be quiet!,22,"421,987.65","28,912.67","393,074.98","70,753.50","322,321.48","440,000.00"
February,PSU,Super Flower,20,"384,123.45","26,888.64","357,234.81","64,302.27","292,932.54","405,000.00"
February,PSU,Enermax,25,"512,345.67","35,864.19","476,481.48","85,766.67","390,714.81","525,000.00"
February,PSU,Silverstone,23,"473,678.90","33,157.52","440,521.38","79,293.85","361,227.53","485,000.00"
February,PSU,Other,21,"431,567.89","30,209.75","401,358.14","72,244.46","329,113.68","450,000.00"
February,Cooling,Noctua,17,"402,248.82","24,525.53","377,723.29","67,990.19","309,733.10","384,219.24"
February,Cooling,NZXT,19,"346,587.35","20,163.11","326,424.23","58,756.36","267,667.87","342,687.72"
February,Cooling,Corsair,22,"418,652.38","24,823.52","393,828.86","70,888.95","322,939.91","410,000.00"
February,Cooling,Cooler Master,24,"456,784.91","27,407.09","429,377.82","77,287.61","352,090.21","450,000.00"
February,Cooling,Thermaltake,20,"375,123.45","22,507.41","352,616.04","63,470.89","289,145.15","370,000.00"
February,Cooling,Deepcool,18,"336,789.12","20,207.35","316,581.77","57,684.72","258,897.05","345,000.00"
February,Cooling,ARCTIC,23,"433,567.89","26,014.07","407,553.82","74,159.69","333,394.13","420,000.00"
February,Cooling,be quiet!,21,"396,543.21","23,792.59","372,750.62","67,095.11","305,655.51","395,000.00"
February,Cooling,Scythe,19,"352,456.78","21,147.05","331,309.73","59,635.75","271,673.98","350,000.00"
February,Cooling,Other,15,"276,789.01","16,607.34","260,181.67","46,832.70","213,348.97","275,000.00"
February,Case,Lian Li,23,"824,610.37","51,046.77","773,563.60","139,241.45","634,322.15","759,271.79"
February,Case,Fractal Design,17,"730,470.61","43,434.09","687,036.52","123,666.57","563,369.95","702,562.12"
February,Case,Corsair,21,"742,123.45","45,789.67","696,333.78","125,339.79","570,993.99","715,678.90"
February,Case,Phanteks,19,"674,567.89","41,234.56","633,333.33","114,000.00","519,333.33","670,000.00"
February,Case,NZXT,18,"650,123.45","39,012.34","611,111.11","110,000.00","501,111.11","655,000.00"
February,Case,Thermaltake,22,"750,678.90","45,234.56","705,444.34","127,000.00","578,444.34","735,000.00"
February,Case,Cooler Master,20,"680,234.56","41,234.56","639,000.00","115,020.00","523,980.00","690,000.00"
February,Case,InWin,16,"530,678.90","32,123.45","498,555.45","89,739.99","408,815.46","520,000.00"
February,Case,BitFenix,19,"646,123.45","39,456.78","606,666.67","109,200.00","497,466.67","640,000.00"
February,Case,Aerocool,17,"570,123.45","34,123.45","536,000.00","96,480.00","439,520.00","575,000.00"
February,Case,Other,15,"497,123.45","31,234.56","465,888.89","83,859.99","382,028.90","500,000.00"
March,CPU,Intel,46,1541366.857,98971.98333,1442394.873,259631.0772,1182763.796,1387571.527
March,CPU,AMD,27,1256894.573,81202.9001,1175691.673,211624.5011,964067.1719,1113507.43
March,GPU,NVIDIA,36,1919068.382,144566.379,1774502.003,319410.3606,1455091.643,1910229.328
March,GPU,AMD,40,1742599.317,128963.8631,1613635.454,290454.3817,1323181.072,1737104.963
March,RAM,Corsair,104,"482,277.70","29,554.45","452,723.26","81,490.19","371,233.07","469,906.67"
March,RAM,G.Skill,93,"448,832.22","26,248.01","422,584.21","76,065.16","346,519.05","418,917.80"
March,RAM,Kingston,88,"420,153.45","24,032.12","396,121.33","71,301.84","324,819.49","400,000.00"
March,RAM,Crucial,95,"456,998.23","26,839.89","430,158.34","77,428.50","352,729.84","435,000.00"
March,RAM,XPG,80,"385,452.90","22,345.56","363,107.34","65,359.32","297,748.02","380,000.00"
March,RAM,Patriot,78,"374,123.45","21,456.78","352,666.67","63,480.00","289,186.67","365,000.00"
March,RAM,TeamGroup,82,"392,467.89","22,948.07","369,519.82","66,513.57","303,006.25","385,678.90"
March,RAM,Adata,76,"362,789.34","21,024.56","341,764.78","61,517.66","280,247.12","360,123.45"
March,RAM,Silicon Power,70,"334,345.67","19,345.67","315,000.00","56,700.00","258,300.00","340,000.00"
March,RAM,PNY,69,"329,456.78","19,067.90","310,388.89","55,870.00","254,518.89","335,000.00"
March,RAM,Toshiba,65,"310,987.65","18,295.68","292,691.98","52,684.56","240,007.42","315,000.00"
March,RAM,Samsung,85,"407,654.32","23,145.68","384,508.64","69,211.56","315,297.08","420,000.00"
March,Motherboard,ASUS,42,"1,624,182.31","120,218.18","1,503,964.13","270,713.54","1,233,250.59","1,463,389.02"
March,Motherboard,MSI,30,"1,332,159.24","96,399.38","1,235,759.86","222,436.77","1,013,323.08","1,320,470.71"
March,Motherboard,GIGABYTE,28,"1,215,678.90","88,345.33","1,127,333.57","202,920.04","924,413.53","1,250,000.00"
March,Motherboard,ASRock,26,"1,110,456.78","79,781.22","1,030,675.56","185,521.60","845,153.96","1,150,000.00"
March,Motherboard,EVGA,25,"1,045,678.90","75,350.34","970,328.56","174,658.80","795,669.76","1,100,000.00"
March,Motherboard,Biostar,20,"898,765.43","64,913.58","833,851.85","150,093.33","683,758.51","950,000.00"
March,Motherboard,Colorful,22,"987,654.32","70,123.45","917,530.86","165,155.56","752,375.30","1,000,000.00"
March,Motherboard,Other,18,"815,432.10","57,080.88","758,351.22","136,503.21","621,848.01","875,000.00"
March,Storage,Samsung,63,"893,162.57","47,598.19","845,564.39","152,201.59","693,362.80","853,897.91"
March,Storage,Western Digital,57,"841,412.45","39,780.88","801,631.57","144,293.68","657,337.89","810,973.60"
March,Storage,Seagate,52,"812,000.00","38,000.00","774,000.00","139,320.00","634,680.00","800,000.00"
March,Storage,Toshiba,48,"723,456.78","36,172.84","687,283.94","123,711.10","563,572.84","735,000.00"
March,Storage,Crucial,50,"748,789.23","37,439.46","711,349.77","128,042.96","583,306.81","760,000.00"
March,Storage,Kingston,45,"690,512.34","34,525.62","655,986.72","118,077.61","537,909.11","705,000.00"
March,Storage,SanDisk,60,"801,987.65","40,099.38","761,888.27","137,139.89","624,748.38","780,000.00"
March,Storage,ADATA,55,"740,123.45","36,234.56","703,888.89","126,700.00","577,188.89","745,000.00"
March,Storage,PNY,49,"665,678.90","32,283.95","633,394.95","114,011.09","519,383.86","670,000.00"
March,Storage,Transcend,47,"637,345.67","31,867.28","605,478.39","109,566.11","495,912.28","650,000.00"
March,Storage,Lexar,44,"610,234.56","30,511.73","579,722.83","104,350.11","475,372.72","620,000.00"
March,Storage,Other,40,"564,789.01","28,239.45","536,549.56","96,578.92","439,970.64","575,000.00"
March,PSU,EVGA,34,598945.5401,38837.47485,560108.0653,100819.4517,459288.6135,543984.793
March,PSU,Cooler Master,22,552232.8191,33555.28333,518677.5358,93361.95644,425315.5793,530825.2211
March,PSU,Corsair,21,444878.4866,27077.41829,390488.4917,77978.82103,314238.0798,440051.2617
March,PSU,Seasonic,18,418178.8386,21610.64174,395933.7118,66405.49382,302169.3803,325546.9739
March,PSU,Thermaltake,25,483035.2171,33509.20247,490598.8034,81942.31924,449409.2173,474791.2881
March,PSU,Antec,22,431418.6812,30037.46026,430193.9221,86962.98482,358849.7759,473183.7834
March,PSU,Phanteks,19,420450.9607,25090.54489,343437.0537,74542.41562,315938.6958,372479.5264
March,PSU,be quiet!,21,405113.0072,26501.4715,398744.1286,78468.94383,352416.7011,449421.6204
March,PSU,Super Flower,24,479123.1068,31312.79097,450056.7379,90926.2024,388193.0827,453408.3615
March,PSU,Enermax,17,368015.4503,20548.51795,363729.6247,60660.74946,273294.8937,370193.3844
March,PSU,Silverstone,21,468921.9891,27037.26554,426449.8848,76009.9424,376635.9076,450377.1383
March,PSU,Other,25,560381.4784,33608.68407,509311.1926,98497.60864,419300.4704,479127.9021
March,Cooling,Noctua,21,416188.8421,25565.27141,390623.5707,70312.24273,320311.328,377906.7083
March,Cooling,NZXT,15,355535.2103,19043.92882,336491.2815,60568.43067,275922.8508,348457.8509
March,Cooling,Corsair,21,420409.2503,23506.11453,391791.3474,83136.98814,334286.5279,454981.7051
March,Cooling,Cooler Master,18,388495.4306,24586.32682,404296.9147,68872.061,287144.9426,365480.7744
March,Cooling,Thermaltake,25,525917.9334,31817.80224,485509.8632,91412.17429,436013.2388,485224.96
March,Cooling,Deepcool,22,444535.4621,27967.77688,414414.8104,73337.91224,378268.0628,459627.1325
March,Cooling,ARCTIC,19,425925.1183,21297.14734,399051.6975,76373.60138,340955.2919,354935.7482
March,Cooling,be quiet!,21,416427.8308,23622.49489,420727.2986,78535.67401,330221.4976,462507.0754
March,Cooling,Scythe,24,545438.1516,29991.74392,539995.6994,86601.98926,394975.9611,489741.5148
March,Cooling,Other,17,402373.8685,20716.03167,346469.393,56704.12331,267829.6216,343073.3617
March,Case,Lian Li,25,"770,756.64","49,904.05","720,852.59","129,753.47","591,099.12","741,782.92"
March,Case,Fractal Design,22,"732,380.44","45,593.13","686,787.30","123,621.71","563,165.59","678,449.25"
March,Case,Corsair,24,"750,123.45","48,456.78","701,666.67","126,299.99","575,366.68","735,000.00"
March,Case,Phanteks,23,"710,234.56","46,567.89","663,666.67","119,459.99","544,206.68","700,000.00"
March,Case,NZXT,26,"805,678.90","52,345.68","753,333.22","135,599.98","617,733.24","780,123.45"
March,Case,Thermaltake,20,"638,567.89","41,456.78","597,111.11","107,479.99","489,631.12","650,000.00"
March,Case,Cooler Master,28,"893,789.12","57,654.32","836,134.80","150,504.26","685,630.54","880,987.65"
March,Case,InWin,19,"605,123.45","39,256.78","565,866.67","101,855.99","464,010.68","600,000.00"
March,Case,BitFenix,21,"681,234.56","44,678.90","636,555.66","114,579.99","521,975.67","670,123.45"
March,Case,Aerocool,18,"564,678.90","37,645.68","527,033.22","94,865.98","432,167.24","550,000.00"
March,Case,Other,16,"502,345.67","33,152.78","469,192.89","84,454.72","384,738.17","490,123.45"
April,CPU,Intel,46,1542317.817,101587.0001,1440730.817,259331.547,1181399.27,1400026.024
April,CPU,AMD,31,1207317.728,77878.40674,1129439.321,203299.0778,926140.2433,1088389.324
April,GPU,NVIDIA,44,2036449.506,142686.1058,1893763.4,340877.412,1552885.988,1948138.963
April,GPU,AMD,33,1839231.725,127828.8813,1711402.844,308052.5119,1403350.332,1670550.145
April,RAM,Corsair,97,"506,473.65","28,750.78","477,722.87","85,990.12","391,732.75","483,545.39"
April,RAM,G.Skill,88,"445,366.62","23,928.75","421,437.87","75,858.82","345,579.06","441,187.56"
April,RAM,Kingston,75,"385,294.12","21,176.47","364,117.65","65,541.18","298,576.47","370,000.00"
April,RAM,Crucial,82,"426,512.34","23,234.56","403,277.78","72,589.00","330,688.78","415,000.00"
April,RAM,XPG,69,"358,421.05","19,736.84","338,684.21","60,842.11","277,842.11","350,000.00"
April,RAM,Patriot,64,"332,456.78","18,456.78","314,000.00","56,520.00","257,480.00","330,000.00"
April,RAM,TeamGroup,78,"403,896.91","22,194.69","381,702.22","68,706.40","312,995.82","400,000.00"
April,RAM,Adata,72,"372,789.47","20,526.32","352,263.16","63,405.26","288,857.89","360,000.00"
April,RAM,Silicon Power,56,"289,473.68","15,789.47","273,684.21","49,263.16","224,421.05","280,000.00"
April,RAM,PNY,61,"315,789.47","17,543.86","298,245.61","53,683.33","244,562.28","310,000.00"
April,RAM,Toshiba,55,"284,210.53","15,263.16","268,947.37","48,410.53","220,536.84","270,000.00"
April,RAM,Samsung,77,"397,368.42","21,052.63","376,315.79","67,736.84","308,578.95","385,000.00"
April,Motherboard,ASUS,36,"1,556,211.21","117,621.85","1,438,589.36","258,946.08","1,179,643.28","1,535,991.64"
April,Motherboard,MSI,31,"1,363,660.36","98,090.27","1,265,570.09","227,802.62","1,037,767.47","1,302,017.37"
April,Motherboard,GIGABYTE,28,"1,204,512.23","86,730.86","1,117,781.37","201,200.65","916,580.73","1,250,000.00"
April,Motherboard,ASRock,26,"1,107,294.57","79,587.62","1,027,706.95","185,042.25","842,664.70","1,150,000.00"
April,Motherboard,EVGA,24,"1,056,128.89","75,473.59","980,655.31","176,517.96","804,137.35","1,100,000.00"
April,Motherboard,Biostar,22,"948,915.68","67,191.20","881,724.48","158,710.41","723,014.07","990,000.00"
April,Motherboard,Colorful,20,"872,347.57","61,064.33","811,283.24","145,782.98","665,500.26","925,000.00"
April,Motherboard,Other,18,"781,256.79","54,687.98","726,568.81","130,781.82","595,788.00","860,000.00"
April,Storage,Samsung,57,"895,042.03","47,682.65","847,359.38","152,524.69","694,834.69","870,679.51"
April,Storage,Western Digital,60,"867,729.92","38,418.82","829,311.10","149,276.00","680,035.11","795,909.09"
April,Storage,Seagate,55,"812,345.67","36,543.21","775,802.46","139,644.44","636,158.02","800,000.00"
April,Storage,Toshiba,50,"745,678.90","33,456.78","712,222.12","128,199.98","584,022.14","750,000.00"
April,Storage,Crucial,48,"715,432.10","32,045.69","683,386.41","122,969.34","560,417.06","735,000.00"
April,Storage,Kingston,52,"735,890.12","33,204.98","702,685.14","126,483.32","576,201.82","745,000.00"
April,Storage,SanDisk,58,"789,876.54","35,456.78","754,419.76","135,795.56","618,624.20","780,000.00"
April,Storage,ADATA,53,"728,901.23","33,978.45","694,922.78","124,791.67","570,131.11","720,000.00"
April,Storage,PNY,49,"669,543.21","31,234.56","638,308.65","114,895.56","523,413.09","660,000.00"
April,Storage,Transcend,47,"649,876.54","30,123.45","619,753.09","111,555.56","508,197.53","650,000.00"
April,Storage,Lexar,45,"621,234.56","28,901.23","592,333.33","106,620.00","485,713.33","630,000.00"
April,Storage,Other,43,"587,654.32","27,456.79","560,197.53","100,835.56","459,362.03","600,000.00"
April,PSU,EVGA,31,"589,585.43","40,466.70","549,118.73","98,841.37","450,277.36","567,126.35"
April,PSU,Cooler Master,30,"524,152.22","34,463.43","489,688.79","88,143.98","401,544.81","518,422.48"
April,PSU,Corsair,28,"590,123.45","37,123.45","553,000.00","99,540.00","453,460.00","570,000.00"
April,PSU,Seasonic,27,"555,678.90","35,678.90","520,000.00","93,600.00","426,400.00","540,987.65"
April,PSU,Thermaltake,25,"510,234.56","32,234.56","478,000.00","86,040.00","391,960.00","525,123.45"
April,PSU,Antec,24,"480,456.78","30,456.78","450,000.00","81,000.00","369,000.00","500,000.00"
April,PSU,Phanteks,23,"460,123.45","29,123.45","431,000.00","77,580.00","353,420.00","480,987.65"
April,PSU,be quiet!,20,"400,567.89","25,567.89","375,000.00","67,500.00","307,500.00","420,123.45"
April,PSU,Super Flower,18,"360,123.45","22,123.45","338,000.00","60,840.00","277,160.00","385,123.45"
April,PSU,Enermax,22,"440,567.89","26,567.89","414,000.00","74,520.00","339,480.00","460,000.00"
April,PSU,Silverstone,21,"420,456.78","25,456.78","395,000.00","71,100.00","323,900.00","445,000.00"
April,PSU,Other,19,"380,345.67","22,345.67","358,000.00","64,440.00","293,560.00","400,000.00"
April,Cooling,Noctua,25,"397,588.34","24,974.13","372,614.20","67,070.56","305,543.65","374,668.23"
April,Cooling,NZXT,22,"367,578.63","19,128.90","348,449.73","62,720.95","285,728.78","349,009.46"
April,Cooling,Corsair,20,"412,345.67","27,890.12","384,455.55","69,202.00","315,253.55","395,000.00"
April,Cooling,Cooler Master,18,"378,901.23","24,789.67","354,111.56","63,740.08","290,371.48","360,000.00"
April,Cooling,Thermaltake,21,"445,678.90","29,123.45","416,555.45","74,979.99","341,575.46","440,000.00"
April,Cooling,Deepcool,17,"321,456.78","21,345.67","300,111.11","54,019.99","246,091.12","320,000.00"
April,Cooling,ARCTIC,23,"435,123.45","28,012.34","407,111.11","73,279.99","333,831.12","430,000.00"
April,Cooling,be quiet!,19,"361,234.56","23,123.45","338,111.11","60,859.99","277,251.12","355,000.00"
April,Cooling,Scythe,15,"297,890.12","19,456.78","278,433.34","50,118.00","228,315.34","300,000.00"
April,Cooling,Other,16,"314,567.89","20,901.23","293,666.66","52,859.99","240,806.67","310,000.00"
April,Case,Lian Li,22,"817,924.45","47,589.40","770,335.05","138,660.31","631,674.74","752,109.98"
April,Case,Fractal Design,22,"695,274.63","43,892.62","651,382.00","117,248.76","534,133.24","709,692.71"
April,Case,Corsair,24,"725,456.78","45,678.90","679,777.88","122,359.08","557,418.80","695,123.45"
April,Case,Phanteks,20,"659,876.54","41,234.56","618,641.98","111,355.56","507,286.42","650,987.65"
April,Case,NZXT,25,"750,123.45","48,008.45","702,115.00","126,380.70","575,734.30","740,000.00"
April,Case,Thermaltake,21,"631,234.56","38,739.71","592,494.85","106,649.07","485,845.78","620,987.65"
April,Case,Cooler Master,23,"694,512.38","42,570.74","651,941.64","117,349.50","534,592.14","710,123.45"
April,Case,InWin,18,"536,789.01","32,207.34","504,581.67","90,824.70","413,756.97","540,987.65"
April,Case,BitFenix,19,"567,345.67","34,040.74","533,304.93","96,004.89","437,300.04","560,123.45"
April,Case,Aerocool,20,"598,456.78","35,907.41","562,549.37","101,258.89","461,290.48","590,000.00"
April,Case,Other,16,"479,876.54","28,792.59","451,083.95","81,194.91","369,889.04","475,678.90"
May,CPU,Intel,48,1470792.423,95873.51341,1374918.91,247485.4038,1127433.506,1406612.207
May,CPU,AMD,25,1204505.548,79978.59633,1124526.952,202414.8514,922112.1006,1096391.071
May,GPU,NVIDIA,44,1963572.655,148891.3674,1814681.288,326642.6318,1488038.656,1872212.877
May,GPU,AMD,40,1733918.25,124505.408,1609412.842,289694.3116,1319718.531,1649808.493
May,RAM,Corsair,99,"524,056.44","28,635.24","495,421.20","89,176.15","406,245.05","489,175.82"
May,RAM,G.Skill,91,"459,662.41","24,712.31","434,950.10","78,291.02","356,659.08","423,703.18"
May,RAM,Kingston,85,"439,651.23","23,829.84","415,821.38","74,847.15","340,973.53","407,843.52"
May,RAM,Crucial,80,"413,789.39","22,428.09","391,361.30","70,444.58","320,916.72","383,852.73"
May,RAM,XPG,76,"393,099.92","21,306.68","371,793.24","66,922.78","304,870.45","364,660.09"
May,RAM,Patriot,70,"362,065.72","19,624.58","342,441.14","61,639.41","280,801.73","335,871.14"
May,RAM,TeamGroup,65,"336,208.88","18,222.82","317,981.06","57,236.59","260,744.47","311,880.34"
May,RAM,Adata,60,"310,342.04","16,821.06","293,520.98","52,833.21","240,687.20","287,889.55"
May,RAM,Silicon Power,58,"299,937.31","16,260.36","283,676.95","51,061.85","232,615.10","278,238.93"
May,RAM,PNY,55,"284,480.20","15,419.31","269,060.90","48,430.96","220,629.94","263,898.75"
May,RAM,Toshiba,50,"258,618.37","14,017.55","244,600.82","44,028.15","200,572.67","239,907.56"
May,RAM,Samsung,48,"248,273.63","13,456.85","234,816.78","42,267.02","192,549.76","230,311.64"
May,Motherboard,ASUS,42,"1,567,566.43","117,871.73","1,449,694.70","260,945.15","1,188,749.55","1,540,831.02"
May,Motherboard,MSI,34,"1,345,201.28","101,415.10","1,246,268.91","224,328.40","1,021,940.52","1,284,568.80"
May,Motherboard,GIGABYTE,30,"1,153,315.67","86,498.67","1,067,544.52","192,158.02","875,386.50","1,117,505.00"
May,Motherboard,ASRock,28,"1,076,428.97","80,732.17","995,696.80","179,224.62","816,472.18","1,043,004.00"
May,Motherboard,EVGA,25,"961,096.90","72,332.27","888,764.63","159,976.63","728,788.00","931,253.91"
May,Motherboard,Biostar,22,"845,765.26","63,421.56","782,343.70","140,821.87","641,521.83","819,503.39"
May,Motherboard,Colorful,20,"768,877.51","57,582.68","711,294.83","128,032.87","583,261.96","745,003.06"
May,Motherboard,Other,18,"691,989.76","51,898.36","640,091.40","115,216.45","524,874.95","670,502.80"
May,Storage,Samsung,63,"914,305.56","48,227.07","866,078.49","155,892.48","710,185.61","862,841.81"
May,Storage,Western Digital,53,"871,565.56","40,112.65","831,452.91","149,661.52","681,791.39","801,777.57"
May,Storage,Seagate,50,"773,935.49","38,221.15","735,714.34","132,428.58","603,285.76","721,210.43"
May,Storage,Toshiba,48,"742,978.07","36,692.30","706,285.77","127,131.43","579,154.34","692,362.02"
May,Storage,Crucial,45,"696,541.94","34,399.03","662,142.91","119,185.73","542,957.18","649,089.39"
May,Storage,Kingston,42,"650,105.82","32,105.76","618,000.06","111,240.01","506,760.04","605,816.76"
May,Storage,SanDisk,40,"619,148.40","30,576.92","588,571.48","106,042.87","482,528.61","576,968.35"
May,Storage,ADATA,38,"588,190.98","29,048.07","559,142.91","100,645.72","458,497.19","548,119.93"
May,Storage,PNY,35,"541,754.85","26,754.80","515,000.05","92,700.01","422,300.04","504,547.80"
May,Storage,Transcend,32,"495,318.72","24,461.53","470,857.19","84,754.29","386,102.90","461,574.68"
May,Storage,Lexar,30,"464,361.30","22,932.69","441,428.61","79,456.97","361,971.64","432,726.26"
May,Storage,Other,28,"433,403.88","21,403.84","412,000.04","74,160.01","337,840.03","403,877.84"
May,PSU,EVGA,27,"601,984.14","38,496.42","563,487.73","101,427.79","462,059.93","551,486.19"
May,PSU,Cooler Master,23,"541,817.96","34,731.74","507,086.22","91,275.52","415,810.70","529,804.35"
May,PSU,Corsair,30,"700,123.45","45,678.90","654,444.55","117,800.02","536,644.53","680,000.00"
May,PSU,Seasonic,25,"610,234.56","39,456.79","570,777.77","102,739.99","468,037.78","605,000.00"
May,PSU,Thermaltake,28,"682,567.89","42,234.56","640,333.33","115,259.99","525,073.34","670,000.00"
May,PSU,Antec,20,"480,123.45","28,812.34","451,311.11","81,236.00","370,075.11","475,000.00"
May,PSU,Phanteks,22,"521,678.90","32,456.78","489,222.22","88,059.99","401,162.23","510,000.00"
May,PSU,be quiet!,18,"411,234.56","25,678.90","385,555.66","69,399.90","316,155.76","400,000.00"
May,PSU,Super Flower,16,"360,789.01","22,345.67","338,443.34","60,919.80","277,523.54","350,000.00"
May,PSU,Enermax,19,"439,456.78","27,567.89","411,888.89","74,139.99","337,748.90","430,000.00"
May,PSU,Silverstone,21,"487,567.89","30,456.78","457,111.11","82,279.99","374,831.12","480,000.00"
May,PSU,Other,15,"350,123.45","21,012.34","329,111.11","59,239.99","269,871.12","345,000.00"
May,Cooling,Noctua,16,"414,728.22","23,812.21","390,916.01","70,364.88","320,551.13","378,854.73"
May,Cooling,NZXT,19,"352,747.89","19,786.08","332,961.81","59,933.13","273,028.69","346,258.24"
May,Cooling,Corsair,20,"425,632.45","21,123.56","404,508.89","72,811.60","331,697.29","400,000.00"
May,Cooling,Cooler Master,22,"466,987.34","23,534.56","443,452.78","79,821.50","363,631.28","450,123.45"
May,Cooling,Thermaltake,24,"504,123.56","25,678.90","478,444.66","86,120.04","392,324.62","480,000.00"
May,Cooling,Deepcool,18,"378,945.67","19,934.56","359,011.11","64,621.99","294,389.12","375,000.00"
May,Cooling,ARCTIC,21,"441,234.56","22,345.67","418,888.89","75,399.99","343,488.90","435,678.90"
May,Cooling,be quiet!,20,"419,456.78","21,567.89","397,888.89","71,620.00","326,268.89","415,000.00"
May,Cooling,Scythe,17,"364,987.65","18,123.45","346,864.20","62,435.56","284,428.64","360,987.65"
May,Cooling,Other,15,"319,345.67","15,789.45","303,556.22","54,640.12","248,916.10","315,000.00"
May,Case,Lian Li,22,"797,795.55","51,422.94","746,372.61","134,347.07","612,025.54","769,949.58"
May,Case,Fractal Design,25,"741,724.67","45,341.77","696,382.90","125,348.92","571,033.98","683,249.34"
May,Case,Corsair,20,"650,897.32","39,054.82","611,842.50","110,131.65","501,710.85","629,456.78"
May,Case,Phanteks,18,"585,123.45","35,107.41","550,016.04","99,002.89","451,013.15","572,345.67"
May,Case,NZXT,24,"725,456.78","43,527.41","681,929.37","122,747.29","559,182.08","710,000.00"
May,Case,Thermaltake,21,"636,789.01","38,207.34","598,581.67","107,744.70","490,836.97","650,987.65"
May,Case,Cooler Master,23,"700,123.45","42,007.41","658,116.04","118,460.89","539,655.15","689,000.00"
May,Case,InWin,17,"520,456.78","31,227.34","489,229.44","88,061.18","401,168.26","510,345.67"
May,Case,BitFenix,15,"465,789.01","27,947.34","437,841.67","78,811.50","359,030.17","480,123.45"
May,Case,Aerocool,19,"589,345.67","35,360.82","553,984.85","99,717.27","454,267.58","575,000.00"
May,Case,Other,16,"498,456.78","30,769.12","467,687.66","84,183.78","383,503.88","495,678.90"
June,CPU,Intel,54,1476237.814,95450.65675,1380787.157,248541.6883,1132245.469,1408997.308
June,CPU,AMD,29,1182851.275,81209.85172,1101641.424,198295.4563,903345.9675,1075670.205
June,GPU,NVIDIA,41,1932562.058,150738.0901,1781823.968,320728.3143,1461095.654,1864514.26
June,GPU,AMD,30,1769213.292,134724.0129,1634489.279,294208.0702,1340281.209,1709997.961
June,RAM,Corsair,95,512018.306,31117.97374,480900.3323,86562.05981,394338.2725,483830.5779
June,RAM,G.Skill,88,466984.5453,25815.04354,441169.5018,79410.51033,361758.9915,419771.0154
June,RAM,Kingston,72,"390,283.47","20,314.92","369,968.55","66,594.34","303,374.21","352,158.77"
June,RAM,Crucial,80,"423,781.22","22,465.19","401,316.03","72,249.88","329,066.15","381,504.11"
June,RAM,XPG,65,"345,609.40","18,294.12","327,315.28","59,002.45","268,312.83","310,720.64"
June,RAM,Patriot,55,"293,474.38","15,531.09","277,943.29","50,143.79","227,799.50","265,126.28"
June,RAM,TeamGroup,67,"357,891.73","19,019.56","338,872.17","61,047.50","277,824.67","319,697.25"
June,RAM,Adata,73,"389,204.15","20,250.78","368,953.37","66,412.16","302,541.21","351,201.89"
June,RAM,Silicon Power,60,"319,650.48","16,637.52","303,012.96","54,558.70","248,454.26","288,084.17"
June,RAM,PNY,50,"266,375.29","13,866.76","252,508.53","45,423.74","207,084.79","239,737.76"
June,RAM,Toshiba,77,"410,159.72","21,363.40","388,796.32","69,965.34","318,831.98","370,410.88"
June,RAM,Samsung,82,"435,662.91","22,656.44","413,006.47","74,326.16","338,680.31","393,352.34"
June,Motherboard,ASUS,35,1601138.734,118224.1533,1482914.581,266924.6245,1215989.956,1505521.228
June,Motherboard,MSI,38,1351836.086,100221.2692,1251614.817,225290.667,1026324.15,1313819.017
June,Motherboard,GIGABYTE,40,"1,423,456.78","105,789.01","1,317,667.77","237,180.20","1,080,487.57","1,372,912.34"
June,Motherboard,ASRock,30,"1,123,567.89","83,923.45","1,039,644.44","187,135.98","852,508.46","1,083,456.78"
June,Motherboard,EVGA,25,"923,456.12","68,234.56","855,221.56","153,939.88","701,281.68","893,847.11"
June,Motherboard,Biostar,22,"823,467.34","60,123.45","763,343.89","137,401.90","625,941.99","798,123.45"
June,Motherboard,Colorful,28,"1,023,467.89","74,123.45","949,344.44","170,881.99","778,462.45","987,654.32"
June,Motherboard,Other,18,"623,456.23","45,123.45","578,332.78","104,099.90","474,232.88","601,234.56"
June,Storage,Samsung,63,"879,606.61","49,033.85","830,572.76","149,502.50","681,069.66","871,636.34"
June,Storage,Western Digital,54,"849,577.50","40,414.01","809,163.49","145,649.43","663,514.06","794,304.93"
June,Storage,Seagate,45,"678,325.45","32,561.65","645,763.80","116,237.48","529,526.32","635,478.29"
June,Storage,Toshiba,50,"750,402.78","36,774.53","713,628.25","128,453.08","585,175.16","703,589.23"
June,Storage,Crucial,40,"610,987.23","29,129.78","581,842.01","104,731.56","477,110.45","597,237.46"
June,Storage,Kingston,38,"588,302.45","28,334.82","559,967.63","100,794.17","459,173.45","574,893.12"
June,Storage,SanDisk,52,"813,569.34","41,612.21","771,957.13","138,951.81","633,005.32","792,612.76"
June,Storage,ADATA,48,"744,112.45","38,254.69","705,857.76","127,054.40","578,803.36","721,456.78"
June,Storage,PNY,35,"542,987.54","27,149.38","515,838.16","92,851.46","422,986.71","529,831.45"
June,Storage,Transcend,30,"465,123.45","23,612.58","441,510.87","79,471.96","362,038.92","453,467.12"
June,Storage,Lexar,29,"450,234.56","22,511.73","427,722.83","76,990.11","350,732.72","440,678.34"
June,Storage,Other,20,"310,456.78","15,522.84","294,933.94","53,088.11","241,845.83","302,456.78"
June,PSU,EVGA,29,"625,516.78","41,006.93","584,509.85","104,329.77","480,180.08","545,698.89"
June,PSU,Cooler Master,24,"529,197.26","34,906.03","494,291.23","88,972.42","405,318.81","524,013.09"
June,PSU,Corsair,32,"678,423.56","45,423.56","633,000.00","113,940.00","519,060.00","640,000.00"
June,PSU,Seasonic,28,"592,312.47","39,256.18","553,056.29","99,550.13","453,506.16","580,000.00"
June,PSU,Thermaltake,30,"635,789.34","42,345.67","593,443.67","106,819.86","486,623.81","620,123.45"
June,PSU,Antec,22,"470,123.45","31,678.45","438,445.00","78,919.60","359,525.40","456,789.34"
June,PSU,Phanteks,25,"542,345.67","36,223.45","506,122.22","91,101.99","415,020.23","530,123.45"
June,PSU,be quiet!,20,"421,234.56","28,234.56","393,000.00","70,740.00","322,260.00","410,000.00"
June,PSU,Super Flower,18,"376,789.34","25,678.34","351,110.89","63,199.96","287,910.93","360,000.00"
June,PSU,Enermax,24,"501,234.56","34,567.89","466,666.67","83,999.99","382,666.68","490,000.00"
June,PSU,Silverstone,26,"544,567.89","37,623.45","506,944.44","91,250.00","415,694.44","530,000.00"
June,PSU,Other,19,"397,456.78","27,945.67","369,511.11","66,511.00","303,000.11","386,000.00"
June,Cooling,Noctua,21,"395,715.94","26,135.79","369,580.15","66,524.43","303,055.72","389,041.44"
June,Cooling,NZXT,22,"345,257.10","20,214.46","325,042.64","58,507.68","266,534.97","344,041.07"
June,Cooling,Corsair,25,"400,123.45","27,014.12","373,109.33","67,159.68","305,949.65","389,654.32"
June,Cooling,Cooler Master,20,"320,678.90","21,678.90","298,999.99","53,819.99","245,180.00","314,567.89"
June,Cooling,Thermaltake,27,"430,456.78","28,456.78","402,000.00","72,360.00","329,640.00","419,234.56"
June,Cooling,Deepcool,18,"289,123.45","19,123.45","270,000.00","48,600.00","221,400.00","300,000.00"
June,Cooling,ARCTIC,23,"369,234.56","25,324.56","344,000.00","61,920.00","282,080.00","359,876.54"
June,Cooling,be quiet!,19,"315,456.78","22,456.78","293,000.00","52,740.00","240,260.00","310,123.45"
June,Cooling,Scythe,16,"275,678.90","19,678.90","256,000.00","46,080.00","209,920.00","270,987.65"
June,Cooling,Other,14,"235,789.01","16,789.01","219,000.00","39,420.00","179,580.00","235,678.90"
June,Case,Lian Li,25,"770,756.64","49,904.05","720,852.59","129,753.47","591,099.12","741,782.92"
June,Case,Fractal Design,22,"732,380.44","45,593.13","686,787.30","123,621.71","563,165.59","678,449.25"
June,Case,Corsair,25,"635,789.34","42,345.67","593,443.67","106,819.86","486,623.81","620,123.45"
June,Case,Phanteks,22,"589,123.45","39,234.56","549,888.89","98,980.00","450,908.89","575,000.00"
June,Case,NZXT,18,"478,900.56","31,567.89","447,332.67","80,519.88","366,812.79","470,000.00"
June,Case,Thermaltake,20,"510,567.89","34,234.56","476,333.33","85,739.99","390,593.34","495,000.00"
June,Case,Cooler Master,24,"596,789.45","40,567.89","556,221.56","100,119.88","456,101.68","580,000.00"
June,Case,InWin,15,"384,123.45","26,789.56","357,333.89","64,319.90","293,013.99","375,000.00"
June,Case,BitFenix,17,"421,567.89","29,789.45","391,778.44","70,519.88","321,258.56","410,000.00"
June,Case,Aerocool,16,"399,123.45","28,234.56","370,888.89","66,759.99","304,128.90","395,000.00"
June,Case,Other,12,"302,567.89","21,234.56","281,333.33","50,639.99","230,693.34","300,000.00"
July,CPU,Intel,48,1557780.44,101867.6922,1455912.748,262064.2946,1193848.453,1422287.7
July,CPU,AMD,28,1190853.863,78704.68195,1112149.181,200186.8526,911962.3284,1073907.813
July,GPU,NVIDIA,39,1967825.135,149250.5231,1818574.612,327343.4302,1491231.182,1890249.192
July,GPU,AMD,39,1795075.978,124147.0145,1670928.963,300767.2134,1370161.75,1661115.6
July,RAM,Corsair,96,"517,323.91","29,847.08","487,476.83","87,745.83","399,731.00","471,911.19"
July,RAM,G.Skill,86,"454,145.19","25,903.02","428,242.17","77,083.59","351,158.58","438,324.35"
July,RAM,Kingston,78,"395,210.78","22,015.34","373,195.44","67,175.18","306,020.27","384,587.56"
July,RAM,Crucial,80,"410,321.34","23,612.34","386,709.00","69,607.62","317,101.39","401,234.56"
July,RAM,XPG,70,"359,987.56","20,412.56","339,575.00","61,123.50","278,451.50","370,000.00"
July,RAM,Patriot,65,"334,567.89","18,978.34","315,589.55","56,805.15","258,784.40","345,123.45"
July,RAM,TeamGroup,62,"321,456.78","18,123.45","303,333.33","54,600.00","248,733.33","330,000.00"
July,RAM,Adata,75,"389,123.45","21,567.89","367,555.56","66,160.00","301,395.56","385,000.00"
July,RAM,Silicon Power,58,"299,789.45","16,678.90","283,110.55","50,959.90","232,150.65","295,987.65"
July,RAM,PNY,64,"345,678.90","19,234.56","326,444.34","58,760.00","267,684.34","345,000.00"
July,RAM,Toshiba,60,"330,123.45","18,012.34","312,111.11","56,180.00","255,931.11","330,987.65"
July,RAM,Samsung,69,"377,456.78","20,734.56","356,722.22","64,210.00","292,512.22","375,000.00"
July,Motherboard,ASUS,41,"1,578,794.24","118,920.60","1,459,873.65","262,777.26","1,197,096.39","1,462,145.87"
July,Motherboard,MSI,39,"1,405,372.65","100,286.63","1,305,086.02","234,915.48","1,070,170.54","1,316,210.65"
July,Motherboard,GIGABYTE,35,"1,269,564.72","90,870.43","1,178,694.29","212,164.97","966,529.32","1,225,987.65"
July,Motherboard,ASRock,32,"1,158,795.36","83,591.95","1,075,203.41","193,536.61","881,666.80","1,123,455.78"
July,Motherboard,EVGA,30,"1,087,342.58","78,594.98","1,008,747.60","181,574.57","827,173.03","1,078,342.12"
July,Motherboard,Biostar,27,"978,412.35","70,321.91","908,090.44","163,456.28","744,634.16","999,876.54"
July,Motherboard,Colorful,24,"879,523.89","63,566.67","815,957.22","146,872.30","669,084.92","900,123.45"
July,Motherboard,Other,20,"740,298.76","53,371.45","686,927.31","123,646.92","563,280.39","750,987.65"
July,Storage,Samsung,64,"867,187.34","49,979.15","817,208.19","147,097.47","670,110.71","824,927.92"
July,Storage,Western Digital,60,"836,182.85","41,409.01","794,773.84","143,059.29","651,714.55","815,558.91"
July,Storage,Seagate,55,"795,652.34","39,782.61","755,869.73","135,556.55","620,313.18","780,000.00"
July,Storage,Toshiba,50,"725,489.23","36,274.46","689,214.78","123,658.66","565,556.12","710,345.67"
July,Storage,Crucial,45,"678,902.34","33,945.12","644,957.22","115,192.30","529,764.92","690,234.56"
July,Storage,Kingston,48,"709,876.54","35,493.83","674,382.71","120,609.88","553,772.83","700,000.00"
July,Storage,SanDisk,53,"758,642.86","38,739.13","719,903.73","128,982.67","590,921.06","745,678.90"
July,Storage,ADATA,52,"743,210.98","38,210.98","705,000.00","126,900.00","578,100.00","735,123.45"
July,Storage,PNY,46,"683,401.23","34,170.07","649,231.16","116,861.61","532,369.55","670,456.78"
July,Storage,Transcend,40,"605,678.90","30,283.96","575,394.94","103,571.09","471,823.85","600,123.45"
July,Storage,Lexar,44,"665,432.10","33,271.61","632,160.49","113,788.89","518,371.60","658,765.43"
July,Storage,Other,39,"590,987.65","29,549.38","561,438.27","101,058.89","460,379.38","585,678.90"
July,PSU,EVGA,28,"586,216.35","39,833.18","546,383.17","98,348.97","448,034.20","557,051.52"
July,PSU,Cooler Master,21,"554,723.00","33,362.47","521,360.53","93,844.90","427,515.63","518,384.51"
July,PSU,Corsair,25,"612,345.67","36,789.45","575,556.22","103,600.12","471,956.10","600,000.00"
July,PSU,Seasonic,22,"540,123.45","32,407.41","507,716.04","91,388.89","416,327.15","525,000.00"
July,PSU,Thermaltake,30,"693,456.78","41,234.56","652,222.22","117,400.00","534,822.22","670,987.65"
July,PSU,Antec,19,"432,123.45","25,927.41","406,196.04","73,115.29","333,080.75","420,987.65"
July,PSU,Phanteks,24,"556,789.01","33,407.41","523,381.60","94,208.69","429,172.91","540,000.00"
July,PSU,be quiet!,20,"463,456.78","28,901.23","434,555.55","78,220.00","356,335.55","450,000.00"
July,PSU,Super Flower,18,"416,789.01","26,234.56","390,554.45","70,299.80","320,254.65","410,987.65"
July,PSU,Enermax,22,"511,234.56","32,845.67","478,388.89","86,110.00","392,278.89","500,123.45"
July,PSU,Silverstone,25,"569,456.78","35,056.79","534,399.99","96,191.99","438,208.00","555,000.00"
July,PSU,Other,17,"398,789.01","24,567.89","374,221.12","67,359.80","306,861.32","390,000.00"
July,Cooling,Noctua,15,"415,943.49","25,439.04","390,504.45","70,290.80","320,213.65","383,024.07"
July,Cooling,NZXT,19,"352,713.18","20,066.90","332,646.28","59,876.33","272,769.95","341,750.41"
July,Cooling,Corsair,22,"410,123.45","28,456.78","381,666.67","68,700.00","312,966.67","400,000.00"
July,Cooling,Cooler Master,17,"338,678.90","20,234.56","318,444.34","57,320.00","261,124.34","330,123.45"
July,Cooling,Thermaltake,20,"398,234.56","23,678.90","374,555.66","67,420.00","307,135.66","390,000.00"
July,Cooling,Deepcool,16,"312,345.67","19,012.34","293,333.33","52,800.00","240,533.33","315,000.00"
July,Cooling,ARCTIC,18,"329,876.54","21,234.56","308,641.98","55,555.56","253,086.42","335,678.90"
July,Cooling,be quiet!,20,"367,456.78","24,456.78","343,000.00","61,740.00","281,260.00","360,123.45"
July,Cooling,Scythe,14,"256,789.01","16,789.01","240,000.00","43,200.00","196,800.00","250,987.65"
July,Cooling,Other,12,"213,567.89","14,234.56","199,333.33","35,880.00","163,453.33","210,123.45"
July,Case,Lian Li,24,"817,862.22","51,064.33","766,797.89","138,023.62","628,774.27","752,147.20"
July,Case,Fractal Design,19,"711,875.67","46,870.14","665,005.53","119,700.99","545,304.53","699,793.73"
July,Case,Corsair,22,"745,602.34","48,964.15","696,638.19","125,394.87","571,243.32","720,000.00"
July,Case,Phanteks,20,"686,521.45","45,001.67","641,519.78","115,473.56","526,046.22","682,123.45"
July,Case,NZXT,18,"617,456.78","41,234.56","576,222.22","103,719.99","472,502.22","615,000.00"
July,Case,Thermaltake,21,"684,123.45","42,789.34","641,334.11","115,440.14","525,893.97","679,000.00"
July,Case,Cooler Master,19,"611,234.56","38,934.56","572,300.00","103,014.00","469,286.00","605,678.90"
July,Case,InWin,16,"523,678.90","35,123.45","488,555.45","87,939.99","400,615.46","519,000.00"
July,Case,BitFenix,18,"589,987.65","39,756.32","550,231.33","99,041.64","451,189.69","580,000.00"
July,Case,Aerocool,15,"499,345.67","33,789.45","465,556.22","83,800.12","381,756.10","495,000.00"
July,Case,Other,13,"432,456.78","28,901.23","403,555.55","72,639.99","330,915.56","425,000.00"
August,CPU,Intel,48,1563153.951,97658.0462,1465495.905,263789.2628,1201706.642,1391346.085
August,CPU,AMD,25,1144650.147,83310.8692,1061339.278,191041.07,870298.2079,1125763.961
August,GPU,NVIDIA,42,2022504.046,155835.5294,1866668.516,336000.3329,1530668.183,1943848.69
August,GPU,AMD,34,1886569.748,136440.9251,1750128.823,315023.1881,1435105.635,1700452.973
August,RAM,Corsair,95,"516,855.67","30,504.83","486,350.84","87,543.15","398,807.69","471,797.53"
August,RAM,G.Skill,94,"442,518.58","25,915.50","416,603.08","74,988.55","341,614.52","421,164.92"
August,RAM,Kingston,89,"480,345.12","28,820.71","451,524.41","81,274.39","370,250.02","450,000.00"
August,RAM,Crucial,88,"472,194.56","28,331.67","443,862.89","79,894.32","363,968.57","445,987.65"
August,RAM,XPG,86,"453,678.90","27,220.73","426,458.17","76,762.47","349,695.70","430,000.00"
August,RAM,Patriot,82,"433,567.89","26,014.07","407,553.82","73,359.69","334,194.13","420,000.00"
August,RAM,TeamGroup,87,"455,123.45","27,307.41","427,816.04","76,806.89","351,009.15","435,000.00"
August,RAM,Adata,80,"418,234.56","25,094.07","393,140.49","70,765.29","322,375.20","410,000.00"
August,RAM,Silicon Power,78,"406,789.01","24,407.34","382,381.67","68,828.70","313,552.97","395,000.00"
August,RAM,PNY,85,"441,234.56","26,474.07","414,760.49","74,657.89","340,102.60","420,987.65"
August,RAM,Toshiba,83,"431,567.89","25,889.62","405,678.27","73,022.08","332,656.19","410,000.00"
August,RAM,Samsung,90,"468,789.01","28,127.34","440,661.67","79,319.10","361,342.57","455,000.00"
August,Motherboard,ASUS,38,"1,620,822.76","122,819.93","1,498,002.83","269,640.51","1,228,362.32","1,534,148.69"
August,Motherboard,MSI,40,"1,419,081.25","97,361.25","1,321,720.00","237,909.60","1,083,810.40","1,336,511.50"
August,Motherboard,GIGABYTE,34,"1,209,345.68","84,654.32","1,124,691.36","202,444.44","922,246.91","1,210,000.00"
August,Motherboard,ASRock,32,"1,140,123.46","80,808.64","1,059,314.82","190,676.54","868,638.27","1,140,987.65"
August,Motherboard,EVGA,30,"1,070,987.65","75,432.10","995,555.56","179,200.00","816,355.56","1,100,000.00"
August,Motherboard,Biostar,28,"982,098.77","68,567.90","913,530.86","164,435.80","749,095.06","1,020,000.00"
August,Motherboard,Colorful,26,"927,654.32","64,691.36","862,962.96","155,333.33","707,629.63","950,000.00"
August,Motherboard,Other,24,"875,123.46","61,728.40","813,395.06","146,411.85","666,983.21","900,000.00"
August,Storage,Samsung,62,"898,662.87","49,844.74","848,818.13","152,787.26","696,030.87","841,075.81"
August,Storage,Western Digital,54,"891,269.45","38,766.00","852,503.45","153,450.62","699,052.83","814,585.34"
August,Storage,Seagate,58,"853,212.34","39,998.76","813,213.58","146,378.44","666,835.14","828,973.20"
August,Storage,Toshiba,50,"789,456.78","35,520.34","753,936.44","135,708.56","618,227.88","770,000.00"
August,Storage,Crucial,56,"816,234.56","36,731.23","779,503.33","140,310.60","639,192.73","800,234.56"
August,Storage,Kingston,60,"860,123.45","38,556.72","821,566.73","148,095.01","673,471.72","835,987.65"
August,Storage,SanDisk,55,"812,678.90","36,570.12","776,108.78","139,699.58","636,409.20","800,123.45"
August,Storage,ADATA,52,"785,234.56","35,240.12","750,000.00","135,000.00","615,000.00","780,000.00"
August,Storage,PNY,48,"729,012.34","32,805.56","696,206.78","125,317.22","570,889.56","725,000.00"
August,Storage,Transcend,51,"762,987.65","34,434.87","728,552.78","131,139.50","597,413.28","750,000.00"
August,Storage,Lexar,47,"723,456.78","32,233.74","691,223.04","124,419.61","566,803.43","710,345.67"
August,Storage,Other,45,"694,321.98","30,851.44","663,470.53","119,424.69","544,045.83","700,123.45"
August,PSU,EVGA,32,"597,710.39","40,531.49","557,178.90","100,292.20","456,886.70","558,054.14"
August,PSU,Cooler Master,22,"567,564.71","33,620.42","533,944.29","96,109.97","437,834.31","529,148.59"
August,PSU,Corsair,27,"589,032.50","35,341.95","553,690.55","99,664.30","454,026.25","570,000.00"
August,PSU,Seasonic,25,"540,987.65","32,459.26","508,528.40","91,535.11","416,993.29","525,123.45"
August,PSU,Thermaltake,30,"630,864.20","37,851.85","593,012.35","106,742.22","486,270.13","640,000.00"
August,PSU,Antec,20,"478,456.78","28,707.41","449,749.37","80,954.89","368,794.48","475,000.00"
August,PSU,Phanteks,21,"499,123.45","29,947.41","469,176.04","84,451.69","384,724.35","490,987.65"
August,PSU,be quiet!,19,"451,234.56","27,073.83","424,160.73","76,348.93","347,811.80","465,000.00"
August,PSU,Super Flower,23,"524,123.45","31,447.41","492,676.04","88,681.69","404,994.35","510,000.00"
August,PSU,Enermax,28,"637,654.32","38,259.26","599,395.06","107,891.11","491,503.95","630,000.00"
August,PSU,Silverstone,24,"515,789.01","31,578.90","484,210.11","87,157.82","397,052.28","500,123.45"
August,PSU,Other,18,"429,012.34","26,756.79","402,255.55","72,405.89","329,849.66","450,000.00"
August,Cooling,Noctua,25,"391,268.20","25,430.74","365,837.47","65,850.74","299,986.73","371,731.10"
August,Cooling,NZXT,19,"343,817.45","19,533.95","324,283.50","58,371.03","265,912.47","341,126.03"
August,Cooling,Corsair,22,"410,987.65","25,876.54","385,111.11","69,320.00","315,791.11","400,000.00"
August,Cooling,Cooler Master,20,"375,123.45","23,507.41","351,616.04","63,290.89","288,325.15","370,000.00"
August,Cooling,Thermaltake,18,"345,789.01","21,345.67","324,443.34","58,399.80","266,043.54","350,000.00"
August,Cooling,Deepcool,21,"385,456.78","24,345.67","361,111.11","65,000.00","296,111.11","380,000.00"
August,Cooling,ARCTIC,23,"426,234.56","27,234.56","399,000.00","71,820.00","327,180.00","420,000.00"
August,Cooling,be quiet!,19,"351,234.56","22,345.67","328,888.89","59,199.80","269,689.09","360,000.00"
August,Cooling,Scythe,16,"297,890.12","18,407.34","279,482.78","50,306.90","229,175.88","290,000.00"
August,Cooling,Other,17,"312,345.67","19,012.34","293,333.33","52,800.00","240,533.33","305,000.00"
August,Case,Lian Li,26,"824,979.01","48,618.99","773,360.02","139,744.80","633,615.22","761,509.78"
August,Case,Fractal Design,18,"729,378.82","43,570.72","685,808.10","123,445.46","562,362.64","678,555.55"
August,Case,Corsair,24,"755,123.45","46,123.45","709,000.00","127,620.00","581,380.00","750,000.00"
August,Case,Phanteks,20,"645,987.65","39,345.67","606,641.98","109,195.56","497,446.42","640,123.45"
August,Case,NZXT,22,"687,654.32","41,234.56","646,419.76","116,355.56","530,064.20","670,000.00"
August,Case,Thermaltake,19,"600,123.45","36,789.01","563,334.44","101,400.20","461,934.24","620,000.00"
August,Case,Cooler Master,23,"727,890.12","44,345.67","683,544.44","123,037.99","560,506.45","710,000.00"
August,Case,InWin,17,"540,567.89","32,434.56","508,133.33","91,463.99","416,669.34","550,000.00"
August,Case,BitFenix,18,"572,345.67","34,345.67","538,000.00","96,840.00","441,160.00","580,000.00"
August,Case,Aerocool,21,"686,789.01","41,678.90","645,110.11","116,119.82","528,990.30","690,000.00"
August,Case,Other,15,"523,456.78","31,234.56","492,222.22","88,600.00","403,622.22","530,000.00"
September,CPU,Intel,52,1464885.964,101702.8402,1363183.124,245372.9623,1117810.162,1417563.886
September,CPU,AMD,27,1167846.626,81698.84797,1086147.778,195506.6001,890641.1781,1099593.316
September,GPU,NVIDIA,35,2098700.296,152443.4552,1946256.841,350326.2313,1595930.609,1933791.799
September,GPU,AMD,40,1770192.08,133781.905,1636410.175,294553.8315,1341856.343,1735987.092
September,RAM,Corsair,96,"523,417.54","30,504.83","493,242.71","87,543.27","405,699.44","490,889.49"
September,RAM,G.Skill,88,"471,001.03","25,915.50","445,545.86","79,841.00","365,704.86","427,481.74"
September,RAM,Kingston,90,"494,682.37","28,057.56","466,624.81","83,992.46","382,632.35","460,000.00"
September,RAM,Crucial,85,"468,465.12","26,789.54","441,675.58","79,501.60","362,173.98","450,123.45"
September,RAM,XPG,82,"452,234.57","25,711.32","426,523.25","76,774.19","349,749.06","440,000.00"
September,RAM,Patriot,79,"439,567.89","24,956.67","414,611.22","74,629.01","339,982.21","425,000.00"
September,RAM,TeamGroup,87,"483,456.78","27,234.56","456,222.22","82,120.00","374,102.22","465,000.00"
September,RAM,Adata,80,"441,234.56","26,474.07","414,760.49","74,657.89","340,102.60","420,987.65"
September,RAM,Silicon Power,78,"436,567.89","26,194.07","410,373.82","73,867.29","336,506.52","410,000.00"
September,RAM,PNY,85,"455,678.90","27,340.74","428,338.16","77,100.87","351,237.29","435,987.65"
September,RAM,Toshiba,83,"443,678.90","26,620.73","417,058.17","75,070.47","341,987.70","420,000.00"
September,RAM,Samsung,91,"475,123.45","28,507.41","446,616.04","80,390.89","366,225.15","460,987.65"
September,Motherboard,ASUS,44,"1,674,231.34","124,292.71","1,549,938.63","278,988.95","1,270,949.68","1,481,519.63"
September,Motherboard,MSI,34,"1,432,733.11","102,867.29","1,329,865.81","239,375.85","1,090,489.97","1,304,062.74"
September,Motherboard,GIGABYTE,32,"1,250,987.65","89,876.54","1,161,111.11","209,000.00","952,111.11","1,200,000.00"
September,Motherboard,ASRock,30,"1,171,234.56","84,567.90","1,086,666.67","195,599.99","891,066.68","1,150,987.65"
September,Motherboard,EVGA,28,"1,095,678.90","79,098.76","1,016,580.14","183,000.00","833,580.14","1,100,000.00"
September,Motherboard,Biostar,26,"1,019,123.45","73,373.58","945,749.87","170,234.98","775,514.89","1,050,000.00"
September,Motherboard,Colorful,24,"941,567.89","67,910.53","873,657.36","157,258.33","716,399.03","975,000.00"
September,Motherboard,Other,22,"864,012.34","62,234.57","801,777.78","144,320.00","657,457.78","900,000.00"
September,Storage,Samsung,56,"868,571.07","49,785.86","818,785.21","147,381.34","671,403.87","833,514.75"
September,Storage,Western Digital,54,"835,173.07","40,168.19","795,004.88","143,100.88","651,904.00","823,097.43"
September,Storage,Seagate,52,"790,234.56","37,512.35","752,722.21","135,490.00","617,232.21","800,000.00"
September,Storage,Toshiba,49,"768,123.45","35,234.56","732,888.89","131,919.99","600,968.90","760,000.00"
September,Storage,Crucial,55,"813,456.78","37,015.67","776,441.11","139,759.99","636,681.12","790,000.00"
September,Storage,Kingston,53,"784,345.67","35,934.56","748,411.11","134,713.99","613,697.12","770,000.00"
September,Storage,SanDisk,58,"825,678.90","37,534.56","788,144.34","141,865.99","646,278.35","810,000.00"
September,Storage,ADATA,51,"765,432.10","34,876.54","730,555.56","131,499.99","599,055.57","755,000.00"
September,Storage,PNY,50,"734,567.89","33,567.89","701,000.00","126,180.00","574,820.00","740,000.00"
September,Storage,Transcend,47,"694,567.89","31,234.56","663,333.33","119,400.00","543,933.33","700,000.00"
September,Storage,Lexar,46,"674,123.45","30,123.45","644,000.00","116,000.00","528,000.00","685,000.00"
September,Storage,Other,44,"644,567.89","28,567.89","616,000.00","111,600.00","504,400.00","670,000.00"
September,PSU,EVGA,29,"588,516.01","41,222.01","547,294.00","98,512.92","448,781.08","550,105.85"
September,PSU,Cooler Master,21,"535,988.76","36,726.24","499,262.52","89,867.25","409,395.27","529,568.25"
September,PSU,Corsair,28,"621,234.56","43,486.42","577,748.14","104,007.12","473,741.02","610,000.00"
September,PSU,Seasonic,24,"552,345.67","38,178.20","514,167.47","92,550.14","421,617.33","570,123.45"
September,PSU,Thermaltake,25,"576,789.01","39,123.45","537,665.56","96,779.80","440,885.76","590,987.65"
September,PSU,Antec,20,"487,654.32","32,228.40","455,425.92","81,976.67","373,449.25","510,000.00"
September,PSU,Phanteks,22,"520,987.65","34,864.20","486,123.45","87,502.22","398,621.23","530,987.65"
September,PSU,be quiet!,19,"451,234.56","30,512.34","420,722.22","75,729.20","344,993.02","470,000.00"
September,PSU,Super Flower,21,"496,789.01","33,654.32","463,134.69","83,364.24","379,770.45","520,000.00"
September,PSU,Enermax,26,"554,321.98","37,642.59","516,679.39","93,001.33","423,678.06","560,000.00"
September,PSU,Silverstone,23,"521,987.65","35,123.45","486,864.20","87,635.56","399,228.64","540,123.45"
September,PSU,Other,18,"432,456.78","29,567.89","402,888.89","72,519.80","330,369.09","450,000.00"
September,Cooling,Noctua,18,"388,353.64","25,920.27","362,433.37","65,238.01","297,195.36","382,186.74"
September,Cooling,NZXT,21,"364,210.66","19,581.34","344,629.32","62,033.28","282,596.04","344,108.93"
September,Cooling,Corsair,24,"415,789.12","26,456.78","389,332.34","70,079.82","319,252.52","395,000.00"
September,Cooling,Cooler Master,23,"398,234.56","25,234.56","373,000.00","67,140.00","305,860.00","380,000.00"
September,Cooling,Thermaltake,20,"378,345.67","23,567.90","354,777.78","63,859.00","290,918.78","370,000.00"
September,Cooling,Deepcool,19,"360,123.45","22,456.78","337,666.67","60,779.99","276,886.68","350,000.00"
September,Cooling,ARCTIC,22,"400,567.89","25,789.01","374,778.88","67,460.20","307,318.68","390,000.00"
September,Cooling,be quiet!,21,"382,234.56","24,567.89","357,666.67","64,379.99","293,286.68","375,000.00"
September,Cooling,Scythe,18,"345,678.90","22,345.67","323,333.33","58,199.99","265,133.34","340,000.00"
September,Cooling,Other,16,"305,432.10","19,345.67","286,086.43","51,495.56","234,590.87","320,000.00"
September,Case,Lian Li,30,"820,818.00","50,693.77","770,124.23","138,622.36","631,501.87","760,358.54"
September,Case,Fractal Design,19,"690,577.42","45,603.58","644,973.84","116,095.29","528,878.55","682,620.38"
September,Case,Corsair,25,"755,678.90","46,789.56","708,889.34","127,600.10","581,289.24","740,000.00"
September,Case,Phanteks,22,"695,234.56","43,678.90","651,555.66","117,279.99","534,275.66","680,000.00"
September,Case,NZXT,24,"738,123.45","46,567.89","691,555.56","124,479.99","567,075.56","720,000.00"
September,Case,Thermaltake,21,"684,678.90","43,456.78","641,222.12","115,420.00","525,802.12","680,000.00"
September,Case,Cooler Master,23,"721,234.56","45,678.90","675,555.66","121,599.99","553,955.66","705,000.00"
September,Case,InWin,20,"630,123.45","39,256.78","590,866.67","106,356.00","484,510.67","645,000.00"
September,Case,BitFenix,18,"570,456.78","35,678.90","534,777.88","96,260.00","438,517.88","600,000.00"
September,Case,Aerocool,19,"603,234.56","37,678.90","565,555.66","101,799.99","463,755.66","630,000.00"
September,Case,Other,17,"555,678.90","34,567.89","521,111.11","93,799.99","427,311.12","590,000.00"
October,CPU,Intel,49,1445555.075,95559.51191,1349995.563,242999.2014,1106996.362,1380224.431
October,CPU,AMD,35,1156481.465,81906.70984,1074574.755,193423.456,881151.2993,1078087.993
October,GPU,NVIDIA,40,2046836.861,147213.5555,1899623.306,341932.1951,1557691.111,1856982.217
October,GPU,AMD,31,1864036.911,127575.4169,1736461.494,312563.0689,1423898.425,1654798.097
October,RAM,Corsair,103,"485,522.68","29,368.05","456,154.63","82,107.83","374,046.79","488,315.73"
October,RAM,G.Skill,91,"458,519.50","25,449.48","433,070.02","77,952.60","355,117.41","430,580.10"
October,RAM,Kingston,87,"474,234.57","27,252.27","446,982.29","80,456.81","366,525.48","452,345.68"
October,RAM,Crucial,92,"489,345.68","28,012.35","461,333.33","83,040.00","378,293.33","467,890.12"
October,RAM,XPG,85,"454,123.46","26,325.68","427,797.78","77,003.60","350,794.18","450,987.65"
October,RAM,Patriot,90,"479,012.35","27,893.21","451,119.14","81,201.44","369,917.69","470,123.46"
October,RAM,TeamGroup,83,"453,678.90","26,155.43","427,523.47","76,954.22","350,569.24","455,000.00"
October,RAM,Adata,89,"478,901.23","27,819.01","451,082.22","81,194.80","369,887.42","468,765.43"
October,RAM,Silicon Power,86,"462,234.57","26,745.68","435,488.89","78,388.00","357,100.89","462,000.00"
October,RAM,PNY,84,"455,345.68","26,494.57","428,851.11","77,193.20","351,657.91","455,987.65"
October,RAM,Toshiba,88,"476,456.79","27,811.11","448,645.68","80,756.22","367,889.46","470,000.00"
October,RAM,Samsung,90,"485,678.90","28,067.90","457,611.00","82,369.98","375,241.02","480,123.46"
October,Motherboard,ASUS,42,"1,653,755.40","117,737.49","1,536,017.91","276,483.22","1,259,534.69","1,514,823.98"
October,Motherboard,MSI,39,"1,416,259.45","100,802.66","1,315,456.80","236,782.22","1,078,674.57","1,291,028.76"
October,Motherboard,GIGABYTE,38,"1,584,123.46","108,876.54","1,475,246.91","265,544.24","1,209,702.67","1,495,000.00"
October,Motherboard,ASRock,36,"1,485,679.01","102,654.32","1,383,024.69","249,313.29","1,133,711.40","1,430,987.65"
October,Motherboard,EVGA,34,"1,403,456.79","97,241.38","1,306,215.41","235,118.77","1,071,096.64","1,400,000.00"
October,Motherboard,Biostar,33,"1,297,530.86","89,876.54","1,207,654.32","217,378.43","990,275.89","1,310,000.00"
October,Motherboard,Colorful,30,"1,235,802.47","85,802.47","1,150,000.00","206,999.99","943,000.00","1,250,000.00"
October,Motherboard,Other,28,"1,123,456.79","78,123.46","1,045,333.33","188,160.00","857,173.33",
October,Storage,Samsung,60,"869,011.76","51,641.91","817,369.85","147,126.57","670,243.28","835,301.86"
October,Storage,Western Digital,57,"812,045.93","40,380.65","771,665.28","138,899.75","632,765.53","826,796.58"
October,Storage,Seagate,55,"795,123.45","39,756.17","755,367.28","135,966.11","619,401.17","790,234.56"
October,Storage,Toshiba,50,"725,345.67","36,267.28","689,078.39","124,033.92","565,044.47","710,123.45"
October,Storage,Crucial,48,"698,765.43","34,938.27","663,827.16","119,488.89","544,338.27","690,567.89"
October,Storage,Kingston,53,"738,123.45","36,906.17","701,217.28","126,218.59","575,998.69","735,987.65"
October,Storage,SanDisk,52,"765,432.10","38,210.88","727,221.22","130,899.82","596,321.40","750,456.78"
October,Storage,ADATA,51,"743,210.98","37,654.32","705,556.66","126,999.87","578,556.79","740,000.00"
October,Storage,PNY,46,"685,678.90","34,283.94","651,394.96","117,251.09","534,143.87","690,234.56"
October,Storage,Transcend,40,"605,456.78","30,272.84","575,183.94","103,533.11","471,650.83","600,987.65"
October,Storage,Lexar,44,"666,789.01","33,333.78","633,455.23","114,021.94","519,433.29","658,765.43"
October,Storage,Other,39,"589,345.67","29,467.28","559,878.39","100,778.11","459,100.28","583,456.78"
October,PSU,EVGA,25,"593,941.02","39,431.96","554,509.05","99,811.63","454,697.42","548,342.68"
October,PSU,Cooler Master,24,"541,406.96","34,240.68","507,166.28","91,289.93","415,876.35","509,939.18"
October,PSU,Corsair,25,"612,345.67","36,789.45","575,556.22","103,600.12","471,956.10","600,000.00"
October,PSU,Seasonic,22,"540,123.45","32,407.41","507,716.04","91,388.89","416,327.15","525,000.00"
October,PSU,Thermaltake,30,"693,456.78","41,234.56","652,222.22","117,400.00","534,822.22","670,987.65"
October,PSU,Antec,19,"432,123.45","25,927.41","406,196.04","73,115.29","333,080.75","420,987.65"
October,PSU,Phanteks,24,"556,789.01","33,407.41","523,381.60","94,208.69","429,172.91","540,000.00"
October,PSU,be quiet!,20,"463,456.78","28,901.23","434,555.55","78,220.00","356,335.55","450,000.00"
October,PSU,Super Flower,18,"416,789.01","26,234.56","390,554.45","70,299.80","320,254.65","410,987.65"
October,PSU,Enermax,22,"511,234.56","32,845.67","478,388.89","86,110.00","392,278.89","500,123.45"
October,PSU,Silverstone,25,"569,456.78","35,056.79","534,399.99","96,191.99","438,208.00","555,000.00"
October,PSU,Other,17,"398,789.01","24,567.89","374,221.12","67,359.80","306,861.32","390,000.00"
October,Cooling,Noctua,21,"419,532.10","24,056.47","395,475.63","71,185.61","324,290.02","381,523.58"
October,Cooling,NZXT,22,"342,790.18","20,959.22","321,830.96","57,929.57","263,901.39","340,403.04"
October,Cooling,Corsair,24,"393,567.12","26,111.45","367,455.67","66,142.02","301,313.65","380,000.00"
October,Cooling,Cooler Master,20,"328,678.90","21,312.34","307,366.56","55,325.98","252,040.58","340,987.65"
October,Cooling,Thermaltake,25,"427,123.45","27,459.87","399,663.58","71,939.44","327,724.14","420,000.00"
October,Cooling,Deepcool,19,"305,789.65","19,876.54","285,913.11","51,464.36","234,448.75","320,987.65"
October,Cooling,ARCTIC,23,"372,456.78","24,567.89","347,888.89","62,619.99","285,268.90","370,000.00"
October,Cooling,be quiet!,18,"291,234.56","18,678.90","272,555.66","49,059.99","223,495.67","300,123.45"
October,Cooling,Scythe,16,"262,345.67","16,789.01","245,556.66","44,199.99","201,356.67","280,000.00"
October,Cooling,Other,14,"229,567.89","14,987.65","214,580.24","38,624.44","175,955.80","260,000.00"
October,Case,Lian Li,29,"814,814.71","51,429.82","763,384.89","137,409.28","625,975.61","728,318.26"
October,Case,Fractal Design,20,"722,032.43","43,003.02","679,029.40","122,225.29","556,804.11","710,254.40"
October,Case,Corsair,25,"810,123.45","50,630.77","759,492.68","136,708.68","622,784.00","780,000.00"
October,Case,Phanteks,22,"735,678.90","46,604.93","689,073.97","124,033.31","565,040.66","720,000.00"
October,Case,NZXT,24,"775,234.56","49,390.45","725,844.11","130,652.00","595,192.11","760,000.00"
October,Case,Thermaltake,26,"835,987.65","53,824.79","782,162.86","140,789.31","641,373.55","810,000.00"
October,Case,Cooler Master,21,"742,456.78","47,258.29","695,198.49","125,135.73","570,062.76","740,000.00"
October,Case,InWin,19,"671,234.56","42,827.78","628,406.78","113,113.22","515,293.56","690,000.00"
October,Case,BitFenix,23,"723,456.78","46,854.32","676,602.46","121,788.44","554,814.02","730,000.00"
October,Case,Aerocool,17,"602,345.67","39,152.96","563,192.71","101,374.69","461,818.02","620,000.00"
October,Case,Other,15,"542,678.90","35,651.13","507,027.77","91,264.99","415,762.78","580,000.00"
November,CPU,Intel,49,1433282.683,100522.515,1332760.168,239896.8302,1092863.337,1382676.441
November,CPU,AMD,34,1201882.41,77612.09339,1124270.317,202368.657,921901.6597,1106792.061
November,GPU,NVIDIA,45,1932649.661,143188.3751,1789461.286,322103.0315,1467358.254,1904968.101
November,GPU,AMD,31,1811342.058,125513.5625,1685828.496,303449.1293,1382379.367,1728062.981
November,RAM,Corsair,99,"476,424.38","31,187.17","445,237.21","80,142.70","365,094.51","469,562.46"
November,RAM,G.Skill,94,"435,243.38","23,786.53","411,456.85","74,062.23","337,394.62","441,737.90"
November,RAM,Kingston,90,"420,598.34","28,137.49","392,460.85","70,642.95","321,817.90","435,000.00"
November,RAM,Crucial,85,"399,876.45","26,541.98","373,334.47","67,200.21","306,134.26","415,000.00"
November,RAM,XPG,82,"384,239.67","25,398.45","358,841.22","64,591.42","294,249.80","400,000.00"
November,RAM,Patriot,87,"405,367.89","26,349.23","379,018.66","68,223.36","310,795.30","420,000.00"
November,RAM,TeamGroup,80,"373,456.78","24,367.89","349,088.89","62,835.99","286,252.90","400,123.45"
November,RAM,Adata,79,"368,123.45","24,009.58","344,113.87","61,940.50","282,173.37","389,000.00"
November,RAM,Silicon Power,76,"354,123.45","23,456.78","330,666.67","59,520.00","271,146.67","370,000.00"
November,RAM,PNY,83,"386,789.01","25,789.45","360,999.56","65,079.92","295,919.64","399,456.78"
November,RAM,Toshiba,78,"361,123.45","24,321.34","336,802.11","60,624.38","276,177.72","375,678.90"
November,RAM,Samsung,84,"385,789.01","25,345.12","360,443.89","64,879.90","295,564.00","395,123.45"
November,Motherboard,ASUS,39,"1,673,902.52","124,716.50","1,549,186.03","278,853.48","1,270,332.54","1,503,704.08"
November,Motherboard,MSI,31,"1,347,462.90","97,203.49","1,250,259.41","225,046.69","1,025,212.72","1,269,008.62"
November,Motherboard,GIGABYTE,34,"1,456,789.01","105,678.90","1,351,110.11","243,200.82","1,107,909.29","1,400,000.00"
November,Motherboard,ASRock,28,"1,234,567.89","89,876.54","1,144,691.35","205,770.44","938,920.91","1,200,000.00"
November,Motherboard,EVGA,26,"1,145,678.90","83,456.79","1,062,222.11","190,200.00","872,022.11","1,120,987.65"
November,Motherboard,Biostar,24,"1,012,345.67","74,567.89","937,777.78","168,799.99","768,977.79","1,050,000.00"
November,Motherboard,Colorful,25,"1,056,789.01","77,777.89","978,990.12","176,218.22","802,771.90","1,100,000.00"
November,Motherboard,Other,22,"912,345.67","67,901.23","844,444.44","151,999.99","692,444.45","980,000.00"
November,Storage,Samsung,61,"864,728.24","50,871.69","813,856.55","146,494.18","667,362.37","859,247.37"
November,Storage,Western Digital,52,"822,682.69","41,566.98","781,115.71","140,600.83","640,514.88","794,539.34"
November,Storage,Seagate,55,"792,345.67","39,617.28","752,728.39","135,491.11","617,237.28","770,000.00"
November,Storage,Toshiba,50,"725,678.90","36,283.95","689,394.95","124,091.09","565,303.86","710,000.00"
November,Storage,Crucial,48,"699,012.34","34,950.62","664,061.72","119,530.83","544,530.89","689,500.00"
November,Storage,Kingston,47,"675,432.10","33,771.61","641,660.49","115,498.89","526,161.60","675,000.00"
November,Storage,SanDisk,53,"759,876.54","37,993.83","721,882.71","129,938.88","591,943.83","745,876.54"
November,Storage,ADATA,51,"731,234.56","36,561.73","694,672.83","125,040.95","569,631.89","730,000.00"
November,Storage,PNY,45,"653,678.90","32,683.94","620,994.96","111,779.09","509,215.87","660,000.00"
November,Storage,Transcend,42,"615,456.78","30,772.84","584,683.94","105,243.11","479,440.83","620,123.45"
November,Storage,Lexar,44,"642,789.01","32,133.78","610,655.23","109,917.94","500,737.29","640,123.45"
November,Storage,Other,40,"598,345.67","29,679.38","568,666.29","102,359.93","466,306.36","600,000.00"
November,PSU,EVGA,30,"597,310.22","40,696.58","556,613.64","100,190.46","456,423.19","554,426.09"
November,PSU,Cooler Master,27,"542,564.41","35,082.68","507,481.73","91,346.71","416,135.02","507,327.48"
November,PSU,Corsair,25,"612,123.45","36,787.00","575,336.45","103,560.56","471,775.89","600,000.00"
November,PSU,Seasonic,23,"548,321.09","32,899.98","515,421.11","92,775.80","422,645.31","540,123.45"
November,PSU,Thermaltake,31,"689,456.78","41,274.86","648,181.92","116,672.74","531,509.18","670,987.65"
November,PSU,Antec,19,"438,123.45","26,287.41","411,836.04","74,130.49","337,705.55","420,987.65"
November,PSU,Phanteks,21,"509,234.56","33,121.23","476,113.33","85,700.40","390,412.93","510,000.00"
November,PSU,be quiet!,20,"463,789.01","29,234.56","434,554.45","78,219.81","356,334.64","450,000.00"
November,PSU,Super Flower,17,"391,123.45","24,321.34","366,802.11","66,024.38","300,777.72","390,000.00"
November,PSU,Enermax,18,"400,567.89","26,654.32","373,913.57","67,304.44","306,609.13","400,987.65"
November,PSU,Silverstone,22,"525,789.01","33,567.89","492,221.12","88,599.80","403,621.32","530,000.00"
November,PSU,Other,16,"372,678.90","23,678.90","349,000.00","62,820.00","286,180.00","380,000.00"
November,Cooling,Noctua,17,"391,668.07","25,120.00","366,548.07","65,978.82","300,569.25","391,099.09"
November,Cooling,NZXT,16,"367,135.97","23,614.84","343,521.13","61,833.80","281,687.33","338,490.46"
November,Cooling,Corsair,22,"470,234.56","29,654.32","440,580.24","79,304.44","361,275.80","459,000.00"
November,Cooling,Cooler Master,18,"380,123.45","23,807.40","356,316.05","64,136.89","292,179.16","375,000.00"
November,Cooling,Thermaltake,20,"410,987.65","25,789.63","385,198.02","69,335.64","315,862.38","405,000.00"
November,Cooling,Deepcool,21,"370,345.67","23,272.84","347,072.83","62,472.73","284,600.10","360,123.45"
November,Cooling,ARCTIC,19,"350,678.90","22,341.23","328,337.67","59,100.78","269,236.89","345,000.00"
November,Cooling,be quiet!,20,"355,789.01","22,986.45","332,802.56","59,904.46","272,898.10","350,000.00"
November,Cooling,Scythe,16,"305,456.78","19,654.32","285,802.46","51,444.44","234,358.02","300,000.00"
November,Cooling,Other,14,"260,123.45","17,654.32","242,469.13","43,644.44","198,824.69","275,000.00"
November,Case,Lian Li,26,"769,092.18","48,111.00","720,981.17","129,776.61","591,204.56","733,996.80"
November,Case,Fractal Design,18,"722,119.03","46,859.30","675,259.73","121,546.75","553,712.98","685,581.13"
November,Case,Corsair,24,"750,456.78","48,678.90","701,777.88","126,320.00","575,457.88","710,123.45"
November,Case,Phanteks,22,"690,123.45","44,567.89","645,555.56","116,199.99","529,355.57","680,987.65"
November,Case,NZXT,25,"770,345.67","49,456.78","720,888.89","129,750.00","591,138.89","755,678.90"
November,Case,Thermaltake,23,"720,789.01","46,345.67","674,443.34","121,399.80","553,043.54","715,000.00"
November,Case,Cooler Master,21,"670,234.56","43,902.34","626,332.22","112,739.80","513,592.42","690,000.00"
November,Case,InWin,20,"640,123.45","41,908.64","598,214.81","107,678.67","490,536.14","660,123.45"
November,Case,BitFenix,19,"610,987.65","40,139.51","570,848.14","102,752.67","468,095.47","630,987.65"
November,Case,Aerocool,17,"540,678.90","35,144.91","505,533.99","90,996.12","414,537.87","580,678.90"
November,Case,Other,15,"490,345.67","31,872.28","458,473.39","82,525.21","375,948.18","540,000.00"
December,CPU,Intel,51,1471462.728,102660.0078,1368802.72,246384.4897,1122418.231,1424259.699
December,CPU,AMD,28,1256243.374,83888.82268,1172354.551,211023.8192,961330.732,1109951.478
December,GPU,NVIDIA,36,1980157.142,154442.3013,1825714.841,328628.6714,1497086.17,1848891.227
December,GPU,AMD,33,1839560.513,135907.1994,1703653.314,306657.5965,1396995.717,1678879.836
December,RAM,Corsair,102,"480,255.84","29,180.40","451,075.44","81,193.58","369,881.86","472,503.38"
December,RAM,G.Skill,87,"471,489.81","25,742.22","445,747.60","80,234.57","365,513.03","419,222.77"
December,RAM,Kingston,84,"454,123.45","26,587.41","427,536.04","76,956.48","350,579.56","445,000.00"
December,RAM,Crucial,81,"433,456.78","25,209.34","408,247.44","73,484.54","334,762.90","430,000.00"
December,RAM,XPG,79,"421,789.12","24,987.45","396,801.67","71,424.30","325,377.37","420,000.00"
December,RAM,Patriot,86,"457,123.45","27,112.34","430,011.11","77,401.99","352,609.12","445,000.00"
December,RAM,TeamGroup,80,"425,456.78","25,567.89","399,888.89","71,980.00","327,908.89","430,000.00"
December,RAM,Adata,77,"409,123.45","24,547.23","384,576.22","69,223.72","315,352.50","400,000.00"
December,RAM,Silicon Power,74,"392,789.01","23,654.78","369,134.23","66,443.52","302,690.71","390,000.00"
December,RAM,PNY,78,"413,567.89","24,813.45","388,754.44","70,315.01","318,439.43","415,000.00"
December,RAM,Toshiba,76,"402,345.67","24,140.12","378,205.55","68,076.10","310,129.45","405,000.00"
December,RAM,Samsung,82,"434,567.89","25,789.00","408,778.89","73,580.20","335,198.69","430,000.00"
December,Motherboard,ASUS,39,"1,524,779.06","123,551.24","1,401,227.82","252,221.01","1,149,006.81","1,482,770.49"
December,Motherboard,MSI,30,"1,371,271.35","103,935.17","1,267,336.18","228,120.51","1,039,215.67","1,323,882.14"
December,Motherboard,GIGABYTE,35,"1,592,345.68","119,426.84","1,472,918.84","265,125.39","1,207,793.45","1,547,391.59"
December,Motherboard,ASRock,32,"1,446,987.65","108,523.32","1,338,464.33","240,923.58","1,097,540.75","1,406,666.67"
December,Motherboard,EVGA,31,"1,382,716.05","103,853.71","1,278,862.34","230,195.22","1,048,667.12","1,352,500.00"
December,Motherboard,Biostar,28,"1,249,382.72","93,703.70","1,155,679.01","208,022.22","947,656.79","1,223,456.79"
December,Motherboard,Colorful,25,"1,115,555.56","83,666.67","1,031,888.89","185,739.11","846,149.78","1,115,432.10"
December,Motherboard,Other,22,"1,000,987.65","75,076.54","925,911.11","166,664.00","759,247.11","1,001,098.77"
December,Storage,Samsung,56,"893,375.60","50,652.34","842,723.26","151,690.19","691,033.08","844,503.04"
December,Storage,Western Digital,50,"879,175.35","39,366.68","839,808.66","151,165.56","688,643.10","786,752.17"
December,Storage,Seagate,53,"823,512.78","42,176.15","781,336.63","140,640.59","640,696.04","800,645.24"
December,Storage,Toshiba,48,"748,764.29","38,423.75","710,340.54","127,860.28","582,480.26","735,654.08"
December,Storage,Crucial,47,"736,211.09","37,680.55","698,530.54","125,735.49","572,795.05","720,989.34"
December,Storage,Kingston,52,"794,580.45","40,825.28","753,755.17","135,675.93","618,079.24","775,321.45"
December,Storage,SanDisk,51,"782,028.25","40,082.09","741,946.16","133,551.14","608,395.02","760,477.65"
December,Storage,ADATA,49,"750,341.78","38,672.29","711,669.49","128,100.51","583,568.98","735,122.54"
December,Storage,PNY,45,"688,752.34","35,237.62","653,514.72","117,632.65","535,882.07","680,776.93"
December,Storage,Transcend,46,"703,298.67","36,051.43","667,247.24","120,104.50","547,142.74","695,567.80"
December,Storage,Lexar,44,"672,487.45","34,624.37","637,863.08","114,815.35","523,047.73","674,234.98"
December,Storage,Other,41,"626,976.54","32,981.18","594,995.36","107,099.17","487,896.19","630,123.45"
December,PSU,EVGA,33,"619,574.94","39,626.57","579,948.36","104,390.71","475,557.66","562,715.80"
December,PSU,Cooler Master,29,"541,601.36","35,371.02","506,230.34","91,121.46","415,108.88","520,854.68"
December,PSU,Corsair,28,"565,739.25","37,280.45","528,458.80","95,122.58","433,336.22","551,234.56"
December,PSU,Seasonic,27,"543,876.12","36,732.34","507,143.78","91,285.88","415,857.90","530,987.65"
December,PSU,Thermaltake,26,"620,987.65","41,123.45","579,864.20","104,375.56","475,488.64","615,000.00"
December,PSU,Antec,24,"513,789.01","33,456.78","480,332.23","86,459.80","393,872.43","510,000.00"
December,PSU,Phanteks,23,"478,456.78","31,876.54","446,580.24","80,384.44","366,195.80","470,123.45"
December,PSU,be quiet!,21,"442,678.90","29,371.45","413,307.45","74,395.34","338,912.11","450,000.00"
December,PSU,Super Flower,19,"400,123.45","27,123.45","373,000.00","67,140.00","305,860.00","410,987.65"
December,PSU,Enermax,20,"422,345.67","28,789.45","393,556.22","70,839.56","322,716.66","430,000.00"
December,PSU,Silverstone,22,"466,789.01","31,234.56","435,554.45","78,399.81","357,154.64","480,987.65"
December,PSU,Other,18,"390,123.45","26,345.67","363,777.78","65,479.99","298,297.79","400,000.00"
December,Cooling,Noctua,15,"382,443.08","25,745.48","356,697.61","64,205.57","292,492.04","379,093.52"
December,Cooling,NZXT,14,"362,177.85","20,694.55","341,483.29","61,466.99","280,016.30","345,620.83"
December,Cooling,Corsair,18,"450,123.45","26,789.45","423,334.00","76,200.12","347,133.88","465,000.00"
December,Cooling,Cooler Master,20,"470,987.65","27,893.87","443,093.78","79,756.88","363,336.90","480,987.65"
December,Cooling,Thermaltake,22,"502,345.67","29,567.89","472,777.78","85,099.00","387,678.78","500,000.00"
December,Cooling,Deepcool,19,"438,789.01","25,345.67","413,443.34","74,419.80","339,023.54","450,000.00"
December,Cooling,ARCTIC,21,"457,456.78","26,745.34","430,711.44","77,528.06","353,183.38","470,123.45"
December,Cooling,be quiet!,16,"350,123.45","20,678.90","329,444.55","59,300.00","270,144.55","360,000.00"
December,Cooling,Scythe,17,"373,234.56","22,123.45","351,111.11","63,199.99","287,911.12","375,000.00"
December,Cooling,Other,13,"287,456.78","17,234.56","270,222.22","48,639.99","221,582.23","290,000.00"
December,Case,Lian Li,29,"834,763.44","49,605.04","785,158.40","141,328.51","643,829.88","741,123.61"
December,Case,Fractal Design,27,"744,558.33","45,778.90","698,779.44","125,780.30","572,999.14","678,910.10"
December,Case,Corsair,30,"879,456.78","52,767.40","826,689.38","148,801.29","677,888.09","845,234.56"
December,Case,Phanteks,25,"764,123.45","45,847.41","718,276.04","129,289.69","588,986.35","750,000.00"
December,Case,NZXT,28,"805,678.90","48,560.56","757,118.34","136,280.00","620,838.34","800,987.65"
December,Case,Thermaltake,32,"924,789.01","56,078.45","868,710.56","156,367.90","712,342.66","900,000.00"
December,Case,Cooler Master,26,"752,345.67","45,140.74","707,204.93","127,296.89","579,908.04","730,000.00"
December,Case,InWin,24,"695,789.01","41,747.34","654,041.67","117,727.50","536,314.17","705,000.00"
December,Case,BitFenix,21,"609,876.54","36,592.59","573,283.95","103,190.71","470,093.24","610,000.00"
December,Case,Aerocool,20,"580,234.56","34,813.24","545,421.32","98,175.84","447,245.48","590,123.45"
December,Case,Other,18,"530,123.45","31,807.41","498,316.04","89,696.89","408,619.15","550,000.00"
